Provider ID,Hospital Name,City,State,Number of deaths among cancer patients assigned to hospital (2010),Percent of cancer patients dying in hospital (2010),Percent of cancer patients admitted to hospital during the last month of life (2010 deaths),Hospital days per cancer patient during the last month of life (2010 deaths),Percent of cancer patients admitted to intensive care during the last month of life (2010 deaths),ICU days per cancer patient during the last month of life (2010 deaths),Percent of cancer patients receiving life-sustaining treatment during the last month of life (2010 deaths),Percent of cancer patients receiving chemotherapy during the last two weeks of life (2010 deaths),Percent of cancer patients enrolled in hospice during the last month of life (2010 deaths),Hospice days per cancer patient during the last month of life (2010 deaths),Percent of cancer patients enrolled in hospice during the last three days of life (2010 deaths),Percent of cancer patients seeing ten or more physicians during the last six months of life (2010 deaths),HIV Related
10006,Eliza Coffee Memorial Hospital,Florence,AL,119,42,73.6,6,16.9,0.7,,8.4,44.3,7.6,,53.8,N-HIV
10024,Jackson Hospital and Clinic,Montgomery,AL,93,29.5,71.2,5.3,20,0.7,,,60.8,9,,54.4,N-HIV
10029,East Alabama Medical Center,Opelika,AL,86,24.7,61.2,5.3,17.2,1.3,,,74.6,12.8,15.5,39.5,N-HIV
10033,University of Alabama Hospital,Birmingham,AL,211,34.3,62.2,5.3,21.1,1,16.3,4.8,56.1,9.3,,54,N-HIV
10039,Huntsville Hospital,Huntsville,AL,331,36.1,67.4,6.1,57.8,4.5,7.8,8.2,54.4,8.8,6.6,59.7,N-HIV
10055,Flowers Hospital,Dothan,AL,81,29.3,55.8,4.8,18.1,0.5,,,65.9,11.7,,58.9,N-HIV
10056,St. Vincent's Birmingham,Birmingham,AL,102,29.6,55.9,5.2,23,1.4,,,68.2,11.9,,47.4,N-HIV
10078,Northeast Alabama Reg Med Ctr,Anniston,AL,88,40.3,73.7,7.1,27.6,1.1,19.3,13.5,43.8,6.5,,51.7,N-HIV
10085,Decatur General Hospital,Decatur,AL,81,18.3,62.5,4.2,23.3,0.6,,,78.1,12.7,,42.4,N-HIV
10090,Providence Hospital,Mobile,AL,94,35.7,63.9,4.9,31.1,1.1,,,63.1,10.6,,64.2,N-HIV
10092,DCH Regional Medical Center,Tuscaloosa,AL,132,31.5,65.4,6.1,32.9,1.3,10.6,,61.9,9.2,,63.3,N-HIV
10113,Mobile Infirmary Medical Center,Mobile,AL,174,26.6,69.3,5.5,26.4,0.9,17.4,,66.1,8.9,15.1,69.7,N-HIV
10139,Brookwood Medical Center,Birmingham,AL,132,31.7,63.3,5.4,28.3,1,9.5,8,60.3,8,13.8,59.2,N-HIV
20001,Providence Alaska Medical Center,Anchorage,AK,102,32.9,64.4,4.8,26.8,1.3,,,38.4,6.1,,55.2,N-HIV
30002,Banner Good Samaritan Med Ctr,Phoenix,AZ,101,18.8,58.7,4.8,41.1,2,13.9,,73.6,10.8,17.6,71.6,N-HIV
30006,TMC Healthcare,Tucson,AZ,98,16,71.2,5.3,24.4,1,,,76.9,10.2,,65.8,N-HIV
30011,Carondelet St. Joseph's Hospital,Tucson,AZ,89,22.3,62.4,4.6,38.6,1.9,,11.6,65.2,8.1,12.9,61.3,N-HIV
30013,Yuma Regional Medical Center,Yuma,AZ,134,24.3,70.4,5.3,16.8,0.6,15.2,,63.9,10.1,,52.5,N-HIV
30024,St. Joseph's Hosp and Med Ctr,Phoenix,AZ,92,21.5,62.8,4.4,54.1,3,18.6,,72.8,10,12.6,75.1,N-HIV
30038,Scottsdale Healthcare-Osborn,Scottsdale,AZ,94,,70.9,5.1,50.1,2.2,,,78.6,9.7,21.1,76.3,N-HIV
30061,Banner Boswell Medical Center,Sun City,AZ,160,16.2,66,5.3,51.4,3,,,80.7,12.1,16.4,75.8,N-HIV
30064,University Medical Center-Tucson,Tucson,AZ,131,18.3,64.4,5.1,42.1,2.4,11.1,8.2,70.6,9.3,16.9,62.7,N-HIV
30065,Banner Desert Medical Center,Mesa,AZ,108,15.2,56.7,4.1,39.2,2.1,,8.5,75.2,12.2,10,65,N-HIV
30085,Northwest Med Ctr-Tucson,Tucson,AZ,104,14.2,60.4,4.6,42.8,2.1,,10.2,78,11.4,11,65.5,N-HIV
30087,Scottsdale Healthcare Shea,Scottsdale,AZ,178,19.4,59.4,4.6,34.5,1.5,10,9.5,72.5,10.5,13.1,81.5,N-HIV
30088,Banner Baywood Medical Center,Mesa,AZ,163,15.5,67.6,4.5,42.4,1.9,7.8,7.4,78.7,11.5,16.2,80.7,N-HIV
30089,Banner Thunderbird Med Ctr,Glendale,AZ,87,15.8,66.6,5.1,47.6,2.4,12.7,15,75.7,10.4,16.4,85.3,N-HIV
30093,Banner Del E. Webb Med Ctr,Sun City West,AZ,116,,64.6,4.9,37.1,1.7,,,89,12.7,17,75.3,N-HIV
30103,Mayo Clinic Hospital,Phoenix,AZ,206,13.1,63.2,4.4,27,0.9,7.6,4.6,80.8,11.5,9.4,84.7,N-HIV
40004,Washington Regional Med Ctr,Fayetteville,AR,95,15,63.1,3.7,22.2,0.8,,,78,10.8,15.3,53,N-HIV
40007,St. Vincent Infirmary Med Ctr,Little Rock,AR,130,33.3,69.4,6.4,29.2,1.4,,18.2,56.7,6.7,13.4,42.1,N-HIV
40016,UAMS Medical Center,Little Rock,AR,145,27.5,70.7,6.3,39.4,2.4,13.6,,57.2,8,9.7,63.5,N-HIV
40020,St. Bernards Medical Center,Jonesboro,AR,175,26.6,62.4,5.4,21.6,0.9,14,6.8,57.1,8.8,11.8,43.8,N-HIV
40026,St. Joseph's Mercy Health Center,Hot Springs,AR,158,13.1,68.3,5.3,18.9,0.7,8.9,9.1,76.9,10.6,15.6,51.4,N-HIV
40027,Baxter Regional Medical Center,Mountain Home,AR,105,15.6,62.9,3.9,22.1,1.4,,,77.6,9.9,17.4,29.7,N-HIV
40036,Baptist Health-North Little Rock,North Little Rock,AR,94,23.8,61.7,4.2,27.4,0.8,,11.7,71,10.4,13.8,50.3,N-HIV
40055,Sparks Regional Medical Center,Fort Smith,AR,106,18.6,62.9,5.5,29.7,1.4,,,72.6,9.9,16.5,51.6,N-HIV
40062,St. Edward Mercy Medical Center,Fort Smith,AR,112,16.6,67.1,4.4,18.2,0.6,,,78,11.5,16.4,34.7,N-HIV
40114,Baptist Health-Little Rock,Little Rock,AR,228,28.4,62.4,6.1,28.7,1.8,13.3,10.3,60.1,8.8,9.1,56.4,N-HIV
50007,Mills-Peninsula Health Services,Burlingame,CA,86,26.8,60.4,4.9,31.1,1.2,,,57.9,11,,65.6,N-HIV
50025,UC San Diego Health System,San Diego,CA,117,27.8,62.3,4.3,41.7,2.2,11.1,,66.5,9.1,15.7,74.7,N-HIV
50026,Sharp Grossmont Hospital,La Mesa,CA,132,39.2,71.2,4.7,50.9,2.5,11.4,,64.4,8.5,11.7,53.2,N-HIV
50039,Enloe Medical Center,Chico,CA,136,34.8,62.5,5.4,29.8,1.2,,,47,7.4,,63.5,N-HIV
50043,Alta Bates Summit-Summit Campus,Oakland,CA,119,35.6,65.9,6,36.6,1.6,10.7,,47,7.6,,60.8,N-HIV
50047,California Pacific Med Ctr,San Francisco,CA,146,36.8,66.3,5.2,36,1.5,8.3,,50.2,6.9,,63,N-HIV
50056,Antelope Valley Hospital,Lancaster,CA,83,37,74.8,7.9,54.5,5.4,18.6,13.2,40.1,5.1,,58.5,N-HIV
50057,Kaweah Delta Medical Center,Visalia,CA,130,45.1,72.1,6.7,19.4,0.9,8.5,,41.2,6,,44.2,N-HIV
50060,Community Regional Med Ctr,Fresno,CA,97,28,66.5,5.4,38.1,2.1,,,48.5,7.3,,71.9,N-HIV
50069,St. Joseph Hospital-Orange,Orange,CA,119,26.9,71,5.5,49.4,2.8,17.5,12.1,65.3,7.5,19.1,73,N-HIV
50077,Scripps Mercy Hospital,San Diego,CA,126,28.4,69.5,6.1,44.9,2.8,11.9,,66.7,9.6,18.7,50.6,N-HIV
50084,St. Joseph's Medical Center,Stockton,CA,147,35.3,72.1,6.1,41.9,2.5,11.1,,46.4,4.5,15,57.3,N-HIV
50093,St. Agnes Medical Center,Fresno,CA,254,29,72,5.3,33.5,1.5,9.2,7.2,60.2,6.8,11.2,57.6,N-HIV
50100,Sharp Memorial Hospital,San Diego,CA,115,34.8,66.3,4.7,44.3,2,,10.5,65.3,9.1,,51.7,N-HIV
50108,"Sutter Med Ctr, Sacramento",Sacramento,CA,125,27.8,62.4,4.3,36.9,1.8,12.8,,57.6,9.3,,58.6,N-HIV
50112,Santa Monica-UCLA Med Ctr/Ortho,Santa Monica,CA,123,39.2,80.6,7.7,59.4,3.5,15.7,11.8,55.2,6.7,9,66,N-HIV
50125,Regional Med Ctr of San Jose,San Jose,CA,86,38.9,76.2,7.2,52.4,3.3,16.4,,46.4,7.3,,60,N-HIV
50128,Tri-City Medical Center,Oceanside,CA,108,19.2,66.8,4.6,44,2,15.7,,74.3,8.8,17.9,57.3,N-HIV
50133,Fremont-Rideout Health Group,Marysville,CA,101,30.5,65.9,5.3,20.5,1.1,,,48.4,6.4,,47.6,N-HIV
50145,Community Hosp/Monterey Peninsula,Monterey,CA,150,36.9,60.1,5.1,24.8,1.2,9,,46.5,8.5,7.8,43.2,N-HIV
50146,City of Hope-Helford Hospital,Duarte,CA,118,24.2,57.1,5,14.8,0.7,11.7,8.6,64.4,9.9,11.2,67.8,N-HIV
50153,O'Connor Hospital,San Jose,CA,80,31.8,63.8,4.9,41.8,2.2,,,54.6,8.3,,57.4,N-HIV
50168,St. Jude Medical Center,Fullerton,CA,125,24.1,63.6,5.3,51,3.6,,,59.3,8.4,,68.3,N-HIV
50169,Presbyterian Intercommunity Hosp,Whittier,CA,87,22.4,68.5,5,31.9,1.7,,,60.3,6.9,14.7,64.6,N-HIV
50174,Santa Rosa Memorial Hospital,Santa Rosa,CA,137,26.1,64.4,4.6,26.7,1,,,54.9,9.2,,56.5,N-HIV
50180,"John Muir Med Ctr, Walnut Creek",Walnut Creek,CA,145,32.5,69.3,5.6,33.2,1.5,12.2,,56.7,7.2,11.7,84.3,N-HIV
50222,Sharp Chula Vista Medical Center,Chula Vista,CA,80,39.4,68.6,5.6,43.2,3,,,52.6,7,,59.5,N-HIV
50224,Hoag Memorial Hosp Presbyterian,Newport Beach,CA,246,30.3,67.9,5.8,36.9,2.1,18.5,8,57.5,8,9.4,76.7,N-HIV
50235,Providence St. Joseph Med Ctr,Burbank,CA,157,36.5,63.9,7.1,35.6,2.2,17.3,10.3,54.7,6.6,15.8,59,N-HIV
50238,Methodist Hosp of Southern CA,Arcadia,CA,100,36.7,74.2,6.8,64.3,4.4,15.3,,50.1,6.3,,63.6,N-HIV
50239,Glendale Adventist Med Ctr,Glendale,CA,104,49.7,68.1,8.2,49.3,4.2,16.5,,39.2,5.9,,73.6,N-HIV
50242,Dominican Hospital,Santa Cruz,CA,97,20.8,57.4,4.1,29.6,1.3,,,64.7,10.8,,55.6,N-HIV
50262,Ronald Reagan UCLA Med Ctr,Los Angeles,CA,109,40,65.6,6.8,58.4,5,21.7,,48.4,6.2,,75.3,N-HIV
50280,Mercy Med Ctr-Redding,Redding,CA,157,29.3,64,4.9,34.5,1.8,8.6,,51.1,8,,33.5,N-HIV
50290,St. John's Health Center,Santa Monica,CA,170,36.6,72.3,6.4,38.5,2.2,13.8,7.4,51.5,5.4,10.3,80.1,N-HIV
50308,El Camino Hospital,Mountain View,CA,142,32,61,5.1,37.5,2.1,,7.9,52.9,9,,61.2,N-HIV
50309,Sutter Roseville Medical Center,Roseville,CA,119,30,65.2,4.4,35.9,1.7,,,56.7,8.3,,68.9,N-HIV
50324,Scripps Memorial Hosp-La Jolla,La Jolla,CA,88,20.6,66.6,5.5,35.9,2.1,18.5,15,69.7,9.8,,71.8,N-HIV
50327,Loma Linda University Med Ctr,Loma Linda,CA,102,31.3,60.6,5.3,40.5,2.6,13.4,,57.7,7.8,10.8,65.1,N-HIV
50334,Salinas Valley Mem Healthcare Sys,Salinas,CA,86,38.2,63.2,4.6,39.4,1.6,,,47.6,7.6,,43.9,N-HIV
50348,UC Irvine Healthcare,Orange,CA,95,29.9,58.9,5.8,47.5,3.3,15.7,,61.2,9.2,,72.9,N-HIV
50351,Torrance Memorial Medical Center,Torrance,CA,113,30.7,63.8,5.1,39.1,1.9,13.2,,53.3,8.5,9.5,62.7,N-HIV
50353,Prov Little Co. of Mary-Torrance,Torrance,CA,96,30,70.2,5,54.2,3.1,19.7,,61.9,8,14.9,68,N-HIV
50360,Marin General Hospital,Greenbrae,CA,88,26.4,60.5,4.5,44.8,2.5,14.9,,61.9,10.3,,70.3,N-HIV
50380,Good Samaritan-San Jose,San Jose,CA,112,36.8,58.5,5,27.7,1.3,15.7,,47.1,7.3,,58.5,N-HIV
50382,Citrus Valley - Inter-Community,Covina,CA,101,34.2,71.6,7.3,56.8,4.5,21.7,,46.9,4.6,17.9,77.3,N-HIV
50396,Santa Barbara Cottage Hospital,Santa Barbara,CA,113,31.3,57.8,5.3,22.9,1.1,,10.4,59.3,9.9,,56.2,N-HIV
50438,Huntington Memorial Hospital,Pasadena,CA,138,27.1,66.1,5,42.9,2.2,17.5,,61.5,8.6,11.6,62.1,N-HIV
50441,Stanford Hospital and Clinics,Stanford,CA,200,36.6,63.2,5.4,51.5,3.7,13.6,9.2,50.1,7.3,6.7,70.7,N-HIV
50444,Mercy Med Ctr-Merced,Merced,CA,93,40,75,7.3,43.1,3,19.9,,44,6,,62.4,N-HIV
50454,UCSF Medical Center,San Francisco,CA,187,33,61.1,5.5,23.8,1.2,11.8,5.3,50.4,7.8,6.8,69.8,N-HIV
50485,Long Beach Memorial Med Ctr,Long Beach,CA,98,31.5,71.6,6,41.7,3,13.7,12.6,51.7,7.9,,63.8,N-HIV
50502,St. Vincent Medical Center,Los Angeles,CA,86,48.6,70.2,6.8,51.3,3.1,13.9,,28,3.4,,46.2,N-HIV
50516,Mercy San Juan Medical Center,Carmichael,CA,143,36.3,71.8,6.1,52.8,2.6,10.2,,45.5,6.6,,60.4,N-HIV
50549,Los Robles Hospital and Med Ctr,Thousand Oaks,CA,109,21.3,50.1,3.8,16.1,0.7,,,72,10,15.1,58.6,N-HIV
50557,Memorial Medical Center,Modesto,CA,86,20.3,69.2,5.3,34.5,1.8,,,58.3,8.2,12.7,53.5,N-HIV
50567,Mission Hospital,Mission Viejo,CA,130,34.9,67.6,5.7,51.1,3.2,11.5,13.7,61.5,8,14.4,66.4,N-HIV
50573,Eisenhower Medical Center,Rancho Mirage,CA,246,21.7,64.8,5.3,34.7,1.7,11.9,8.4,71.4,8.6,11.2,59.4,N-HIV
50599,UC Davis Medical Center,Sacramento,CA,126,40.8,74.7,6.8,46.9,3,15.2,,45.5,5.6,,65.1,N-HIV
50625,Cedars-Sinai Medical Center,Los Angeles,CA,358,41.3,67.7,6.9,54.4,3.9,16.2,7.2,43.3,5.2,6.3,79.3,N-HIV
50696,USC University Hospital,Los Angeles,CA,95,31.9,66.9,7.8,47.1,3.9,24,,52.1,4.4,21.8,75.4,N-HIV
50701,Rancho Springs Medical Center,Murrieta,CA,81,23.2,64.7,4.5,54.7,3.1,,,71.3,10.2,13.4,60.9,N-HIV
50761,Providence Tarzana Med Ctr,Tarzana,CA,103,41.3,65.9,5.9,31.9,2,13.6,,53.5,7.2,,70.2,N-HIV
60010,Poudre Valley Hospital,Fort Collins,CO,97,14.3,60.6,3.8,25.7,0.6,,12,67.9,10.5,,67.9,N-HIV
60022,Memorial Health System-CO Springs,Colorado Springs,CO,131,16.5,53.7,3.7,10.9,0.3,,,74.5,11,12.1,49.2,N-HIV
60024,University of Colorado Hospital,Aurora,CO,106,17.3,67.3,4.9,31.4,1.1,11.5,,68,9.3,13,67.5,N-HIV
60031,Penrose-St. Francis Hlth Svcs,Colorado Springs,CO,116,13.5,58.8,3.5,13.6,0.3,,,77.6,10.6,14.1,61.6,N-HIV
60034,Swedish Medical Center,Englewood,CO,106,20.3,68.1,5.4,32.2,1.8,12.3,11.3,66.1,8.2,15.7,80.2,N-HIV
70001,Hospital of St. Raphael,New Haven,CT,200,32.3,68.2,5.9,28.3,1.5,13.6,,56.8,7.5,6.6,69.3,N-HIV
70002,St. Francis Hosp and Med Ctr,Hartford,CT,224,29.8,62.6,5.2,31.8,1.9,8.3,5.9,53.4,7,12.1,83.1,N-HIV
70005,Waterbury Hospital,Waterbury,CT,90,29.2,69.9,5.4,13.9,0.4,,,53.3,7,,75.4,N-HIV
70006,Stamford Hospital,Stamford,CT,136,43.2,72,6.4,30.6,1.7,14.5,,43.7,4.6,12.4,77.8,N-HIV
70007,Lawrence & Memorial Hospital,New London,CT,142,38.8,67.7,5.2,16.3,0.4,8.1,11.3,39.8,6,7.7,89.1,N-HIV
70010,Bridgeport Hospital,Bridgeport,CT,81,37,69.8,6.4,35.5,2.4,19.1,,53.1,6,,85.6,N-HIV
70011,The Charlotte Hungerford Hosp,Torrington,CT,81,33.2,76.8,5.4,26.1,1,,,53.2,4.9,14.7,76.1,N-HIV
70016,St. Mary's Hospital,Waterbury,CT,89,31.7,66.8,5.1,31.3,1.2,,,56.6,8,,67.4,N-HIV
70017,MidState Medical Center,Meriden,CT,82,34.4,73.8,6.9,35,2,,,48.6,5.7,,78.8,N-HIV
70018,Greenwich Hospital,Greenwich,CT,118,35.9,66.9,5.6,27.3,0.9,,,45.7,6.9,,73.2,N-HIV
70020,Middlesex Hospital,Middletown,CT,137,13,68.2,4.5,31.6,0.9,,,73.5,8.4,20.6,83.2,N-HIV
70022,Yale-New Haven Hospital,New Haven,CT,294,33.5,66.5,6.7,30.6,1.4,16.3,4.6,54.2,7.3,8.9,75.3,N-HIV
70024,The William W. Backus Hospital,Norwich,CT,97,35.8,63.9,6,15,0.4,,,40.5,3.6,,62.3,N-HIV
70025,Hartford Hospital,Hartford,CT,281,31.7,64.6,5.3,30.6,1.6,9.4,6.6,53.3,6.9,11.6,79.4,N-HIV
70027,Manchester Memorial Hospital,Manchester,CT,80,18.8,62.2,4.1,23.6,0.9,,,64.7,8.6,,73.4,N-HIV
70028,St. Vincent's Medical Center,Bridgeport,CT,126,39,70.8,7,34.9,1.9,17.7,10.3,48.5,5.7,15.8,84.2,N-HIV
70033,Danbury Hospital,Danbury,CT,160,30.4,63.8,5.3,9.8,0.4,,14.7,52.7,6.8,9.4,79.6,N-HIV
70034,Norwalk Hospital,Norwalk,CT,118,26.5,59.6,4.6,30.5,1.2,10.4,,63.5,8.1,13.4,71.5,N-HIV
70035,The Hosp of Central Connecticut,New Britain,CT,128,36.5,73.3,5.8,45.6,2.5,10,,43.3,7.2,,67.1,N-HIV
80001,Christiana Care Health System,Newark,DE,434,22.9,63.3,5.1,31.8,1.3,11.9,6.8,70.1,10.3,10.2,75.8,N-HIV
80004,Bayhealth Medical Center,Dover,DE,128,19.5,58.5,4.4,25.3,1,8.8,,69.6,11.4,13.1,67.2,N-HIV
80007,Beebe Medical Center,Lewes,DE,106,16.2,65.7,5.7,30.7,1.6,,,75,10.7,11.8,67.3,N-HIV
90004,Georgetown University Hospital,Washington,DC,145,42,65.8,7.3,26.9,1.5,13.2,8.3,53.8,7.9,10.4,79.1,N-HIV
90005,Sibley Memorial Hospital,Washington,DC,106,29.4,71.2,5.7,31.4,1.3,,12.5,53.9,6.9,,77.4,N-HIV
90011,Washington Hospital Center,Washington,DC,173,38,64.3,5.5,28.6,1,14.6,8.8,54.6,9.3,,66.4,N-HIV
100002,Bethesda Memorial Hospital,Boynton Beach,FL,154,13.5,64.2,5.6,43.5,2.6,9.3,,84.1,11.3,19.3,80.1,N-HIV
100006,Orlando Regional Medical Center,Orlando,FL,328,26.5,65.9,6.1,39.8,2.6,13.9,3.8,69.8,10.2,9.3,75.5,N-HIV
100007,Florida Hospital Orlando,Orlando,FL,616,23.5,64.5,5.8,49.3,3.3,12.9,8.8,67.5,9.4,13.9,78.3,N-HIV
100008,Baptist Hospital of Miami,Miami,FL,181,26.6,70.1,6,47.8,2.9,9.1,,71.2,9.1,12.6,84.5,N-HIV
100009,University of Miami Hospital,Miami,FL,112,34.3,67.6,6.9,50.8,4.3,23.8,,55.9,6.9,16.6,72.8,N-HIV
100012,Lee Memorial Hospital,Fort Myers,FL,201,17.9,63.6,4.8,50.9,3.2,14.3,8,78.6,11.9,14.7,78.4,N-HIV
100017,Halifax Health-Daytona Beach,Daytona Beach,FL,108,20.3,65.1,4.7,44.6,2.7,16.2,,81.3,10.7,20.9,65.5,N-HIV
100018,NCH Downtown Naples Hospital,Naples,FL,295,18.1,63.4,4.9,18.9,0.7,7.8,11.4,78.2,9.9,20.2,71.4,N-HIV
100019,Holmes Regional Medical Center,Melbourne,FL,222,16.3,61.9,5.3,38.9,2.5,8.6,7.6,75.3,9.8,15.8,76.6,N-HIV
100023,Citrus Memorial Health System,Inverness,FL,135,13,70.7,3.4,15.2,0.3,,8.6,77,9.5,23.4,50.3,N-HIV
100025,Sacred Heart Hosp of Pensacola,Pensacola,FL,152,21.3,69.2,5.3,29.2,0.9,8.4,8.1,74.4,10.3,13.7,56.9,N-HIV
100026,Bay Medical Center,Panama City,FL,116,21.9,70.7,5.1,31.8,1.5,13.9,11.5,75,11.1,12.2,58.5,N-HIV
100034,Mount Sinai Medical Center,Miami Beach,FL,114,47.3,71,7.4,67.4,5.6,35.9,,49,5.2,14.6,83.7,N-HIV
100035,Manatee Memorial Hospital,Bradenton,FL,115,11.1,66.4,5.9,46.1,3.1,,,77.5,8.2,22,69.4,N-HIV
100038,Memorial Regional Hospital,Hollywood,FL,113,19.8,71.6,5.6,45.6,2.9,18.4,11,67.1,8.5,15,73.8,N-HIV
100040,St. Vincent's Medical Center,Jacksonville,FL,165,16.5,64.2,5,20,0.8,10.2,,77.9,10.7,16.2,81,N-HIV
100044,Martin Memorial Health Systems,Stuart,FL,199,11.7,67.1,4.9,34.8,1.3,,11.9,84.3,11,18.3,72.1,N-HIV
100052,Winter Haven Hospital,Winter Haven,FL,119,24.2,67.5,4.7,28.1,0.9,,10.7,63.6,10.1,10.3,55.1,N-HIV
100057,Florida Hospital Waterman,Tavares,FL,153,17.9,69.9,5.7,32.5,2,8.3,9.8,69.7,7.9,21.7,64.4,N-HIV
100061,Mercy Hospital,Miami,FL,88,24.4,75.9,6.1,35.1,1.7,,,59.7,6.1,16.8,76.4,N-HIV
100062,Munroe Regional Medical Center,Ocala,FL,195,13.9,64.4,4,26.5,0.8,8.3,8.2,83.7,11,18.1,68.1,N-HIV
100067,St. Anthony's Hospital,St. Petersburg,FL,83,24.1,62.1,6.5,49.4,4.1,14.2,,62,10,14.7,74.6,N-HIV
100068,Florida Hospital Memorial,Daytona Beach,FL,101,18.9,63.6,4.9,39.4,2.5,15.5,,74.1,9.1,14.4,59.2,N-HIV
100070,Venice Regional Medical Center,Venice,FL,190,12.7,62.6,4.1,15.1,0.7,6.8,7.2,81,10.8,15.2,58.9,N-HIV
100073,Holy Cross Hospital,Fort Lauderdale,FL,150,16.5,71.3,5.6,45,2.7,9.7,,77.2,8,21.5,74.3,N-HIV
100075,St. Joseph's Hospital,Tampa,FL,177,24.9,65.9,5.7,43.3,2.5,9.7,8.1,73.3,9.8,14.8,76.7,N-HIV
100080,J. F. K. Medical Center,Atlantis,FL,159,7,67.3,5.1,51.3,3.1,12.6,9,86.7,10.7,25.3,81.4,N-HIV
100084,Leesburg Regional Medical Center,Leesburg,FL,173,20.9,71.4,5.6,23.4,0.8,7,11.4,66.6,8.5,15.5,74.2,N-HIV
100087,Sarasota Memorial Hospital,Sarasota,FL,238,11.4,61.2,4.6,34.4,2.1,8.1,10.9,76.9,9.7,16.7,78.7,N-HIV
100088,Baptist Medical Center,Jacksonville,FL,180,20.2,65.5,4.8,51.1,3.1,12.6,6.7,73.9,10,15.8,82.5,N-HIV
100090,Flagler Hospital,St. Augustine,FL,112,16.6,59.1,4.6,49.1,3.1,,,71.5,11.6,10,70.6,N-HIV
100092,Wuesthoff Med Ctr - Rockledge,Rockledge,FL,95,17.5,68,5.6,18.3,0.9,,,61.4,8.5,14.2,63.1,N-HIV
100093,Baptist Hospital-Pensacola,Pensacola,FL,83,19.1,65.7,4.9,23.5,0.8,,,73.7,9.5,14.6,60.6,N-HIV
100105,Indian River Medical Center,Vero Beach,FL,154,13.3,66.6,4.5,30.7,1.4,,,77,7.9,20.8,62.1,N-HIV
100109,Florida Hospital Heartland,Sebring,FL,104,16.9,70,5.2,38.7,1.9,12.1,,77.6,10.7,11.7,64.9,N-HIV
100113,Shands at the Univ of Florida,Gainesville,FL,179,21.5,56.9,5.4,35.7,2,11.2,5.5,70.2,10.6,11.8,69.9,N-HIV
100127,Morton Plant Hospital,Clearwater,FL,157,28.1,68.9,5.2,48.2,2.2,11.3,11.2,66,10,10.5,80.9,N-HIV
100128,Tampa General Hospital,Tampa,FL,127,18.2,57.5,5.6,42.1,3.3,9.4,,74.1,11.1,11.8,76.4,N-HIV
100131,Aventura Hospital and Med Ctr,Aventura,FL,124,22,77,6.2,66.7,4.8,11.1,,70.4,7.6,18.5,73.7,N-HIV
100135,Tallahassee Memorial HealthCare,Tallahassee,FL,105,21.5,49.8,4,24.3,1.2,,,73.6,12,,51.7,N-HIV
100151,Mayo Clinic Jacksonville,Jacksonville,FL,160,16.9,62.1,3.9,43.4,1.8,10.3,,79.9,11.1,11.6,73.9,N-HIV
100157,Lakeland Regional Medical Center,Lakeland,FL,244,33.1,64.2,5.8,16.4,0.8,10.2,7.7,70.8,9.3,15.7,56.5,N-HIV
100168,Boca Raton Regional Hospital,Boca Raton,FL,247,15.5,71.1,5.2,24.6,1,10.1,6.6,80.2,9.1,18.6,88.4,N-HIV
100173,University Community Hosp-Tampa,Tampa,FL,96,23.1,63,5.5,31.3,1.5,,,68.5,10.3,,76.5,N-HIV
100179,Memorial Hospital Jacksonville,Jacksonville,FL,124,22,71.9,6.1,50,4.2,13.2,11.1,67.1,6.9,14.6,75.8,N-HIV
100204,North Florida Regional Med Ctr,Gainesville,FL,208,15.8,67.2,5.1,18.6,0.6,6,10.1,80.8,12.1,14.4,60.8,N-HIV
100212,Ocala Regional Medical Center,Ocala,FL,170,14.1,60.7,4.2,19.4,0.6,9.2,6,81,12.2,10.5,69.3,N-HIV
100213,Blake Medical Center,Bradenton,FL,128,9.6,67.8,4.3,39.3,1.5,,16.7,83.9,10.1,20,65.3,N-HIV
100220,Gulf Coast Med Ctr-Fort Myers,Fort Myers,FL,122,15.8,61.1,4.7,40.4,2,,,81.2,12.7,13.1,79,N-HIV
100223,Fort Walton Beach Medical Center,Fort Walton Beach,FL,88,25.3,61.8,5.7,24.9,1.6,,,64.4,8.8,13.4,62.1,N-HIV
100226,Orange Park Medical Center,Orange Park,FL,106,16.8,70.2,4.8,31.7,1.6,,,79.8,11.4,20.9,71.2,N-HIV
100231,West Florida Hospital,Pensacola,FL,94,21.2,76.3,5.5,36.4,2.3,13,,75,9.5,15.6,62,N-HIV
100236,Fawcett Memorial Hospital,Port Charlotte,FL,117,15.9,65.7,4.1,39.7,1.5,,13.2,74.3,9.5,17.1,74.8,N-HIV
100244,Cape Coral Hospital,Cape Coral,FL,133,13.9,61.3,4,44.4,1.9,8.9,,80.9,12.2,14.2,77.5,N-HIV
100248,Largo Medical Center,Largo,FL,99,25.9,62.8,5.5,45.9,3,12.8,,61.8,10.5,10.8,71.6,N-HIV
100253,Jupiter Medical Center,Jupiter,FL,128,12.2,65.4,6.4,43.6,2.9,,,85.8,9.6,24.6,74.7,N-HIV
100256,Regional Med Ctr-Bayonet Point,Hudson,FL,92,16.6,74.9,5.6,60.6,3.8,,,76,9.5,15.1,62.4,N-HIV
100258,Delray Medical Center,Delray Beach,FL,160,8.9,68.2,4.8,56.6,3.3,16.2,10,85.3,8.7,31,91.1,N-HIV
100260,St. Lucie Medical Center,Port St. Lucie,FL,114,15.3,60.6,4.8,33.1,2.1,,,80.2,11.1,14.1,68.9,N-HIV
100264,Oak Hill Hospital,Brooksville,FL,161,12.4,65.5,5.4,35.5,1.7,9.6,9.4,82.8,10.3,20.3,59.9,N-HIV
100265,Mease Countryside Hospital,Safety Harbor,FL,125,24.8,70.2,5.4,54.7,3.4,12.3,11.2,73.7,9.5,14.1,76.6,N-HIV
100271,H. Lee Moffitt Cancer Center,Tampa,FL,204,22.1,57,4.7,23.8,1.1,8.3,8.9,72.7,10.2,7.9,78,N-HIV
100281,Memorial Hospital West,Pembroke Pines,FL,84,18.6,68.5,5.7,52,2.7,14.9,,76.1,10.2,,76.5,N-HIV
100287,Good Samaritan Medical Center,West Palm Beach,FL,137,13.9,53,3.8,26.7,1.3,10,8.7,84.3,12.9,11.3,68.2,N-HIV
100290,The Villages Health System,The Villages,FL,173,18.3,70.3,4.8,29.4,1.2,8.8,10.8,80,9,19.6,70.3,N-HIV
110005,Northside Hospital Forsyth,Cumming,GA,90,16.9,65.1,6.5,22.1,1.2,12.7,,72.9,9.4,23.1,70.5,N-HIV
110007,Phoebe Putney Memorial Hospital,Albany,GA,134,18.8,54.1,4.5,16.1,0.6,8.8,,75.1,11.5,10.2,51.7,N-HIV
110010,Emory University Hospital,Atlanta,GA,179,23.4,58.4,4.7,32.1,1.5,11.4,10.3,63.9,10.3,7.3,66.7,N-HIV
110024,St. Joseph's Candler Hospital,Savannah,GA,103,22,59.9,4.2,22,1.3,10.7,,77.3,11.8,,56.4,N-HIV
110025,Southeast GA Hlth Sys-Brunswick,Brunswick,GA,96,12,63.2,4.9,33.9,2.2,,,82.7,12.2,13.5,45,N-HIV
110028,University Health Care System,Augusta,GA,154,28.6,69.1,6.1,37.4,2.3,9,7.2,52.6,7.7,10,52.4,N-HIV
110029,Northeast Georgia Medical Center,Gainesville,GA,179,22.7,61.8,4.5,26.5,0.8,12,7.7,67.1,9.4,12.6,59.9,N-HIV
110035,WellStar Kennestone Hospital,Marietta,GA,219,21.2,62.5,5,39.8,2.3,11.7,,70.9,10.5,12.9,74.9,N-HIV
110036,Memorial Health,Savannah,GA,128,21.1,62,4.1,23.4,1,12.2,,72.3,11,14.2,55.8,N-HIV
110074,Athens Regional Medical Center,Athens,GA,161,20.7,60.2,3.9,17.8,0.2,7.9,7.3,76,13.3,10.5,49.6,N-HIV
110076,DeKalb Medical at North Decatur,Decatur,GA,103,20.2,70.3,5.4,20.4,1.1,10.2,13.9,67,7.1,14.2,63.1,N-HIV
110078,Emory University Hosp Midtown,Atlanta,GA,99,23.2,58.3,5.9,27.2,1,11.8,13.2,59.3,8.1,,72.5,N-HIV
110082,St. Joseph's Hosp of Atlanta,Atlanta,GA,143,27.8,69.7,5.6,28.8,1.5,17.3,,64.9,9.3,10.3,80.7,N-HIV
110083,Piedmont Hospital,Atlanta,GA,131,21.8,67.4,6.1,25.7,1.4,8.7,,63.4,8.6,11,75,N-HIV
110087,Gwinnett Hospital System,Lawrenceville,GA,140,19.1,65.7,5.1,24.7,0.8,8.7,,73.1,10.4,12.7,70.7,N-HIV
110107,Med Ctr of Central Georgia,Macon,GA,118,39.4,71.1,6.3,20.6,0.7,13.3,,48.8,7.6,10.4,70.9,N-HIV
110129,St. Francis Hospital,Columbus,GA,106,24.6,75,6.2,26.5,1.1,17,,71.2,10.3,13.2,54.4,N-HIV
110143,WellStar Cobb Hospital,Austell,GA,81,13.6,57.6,4.5,38,2.7,,,81.9,12.1,,81.8,N-HIV
110168,Redmond Regional Medical Center,Rome,GA,94,34.4,60.6,4.2,17.4,0.4,,11.3,58.5,9.9,13.9,58.7,N-HIV
110215,Piedmont Fayette Hospital,Fayetteville,GA,84,,65.6,5.3,,,,,75.1,12.1,12.6,71.5,N-HIV
120001,Queen's Medical Center,Honolulu,HI,145,34.2,60,5.3,30.2,1,,,57.3,9.5,,55.4,N-HIV
130006,St. Luke's Regional Med Ctr,Boise,ID,102,21.9,53.8,3.3,10.7,0.3,,,62.4,10.1,,43.7,N-HIV
130049,Kootenai Medical Center,Coeur D'Alene,ID,91,27.5,57.8,3.9,15,0.3,,,63.1,11.5,,55.3,N-HIV
140007,Provena St. Joseph Med Ctr-Joliet,Joliet,IL,152,22.7,72.7,5.8,47.5,2.8,12.4,7.9,67.9,7.1,15,79.8,N-HIV
140010,NorthShore Evanston Hospital,Evanston,IL,383,23.4,64.9,5.1,55.2,3.3,8.1,10.4,66.3,9.5,13,77.9,N-HIV
140015,Blessing Hospital,Quincy,IL,98,22.8,61.1,5.2,27.7,1.7,,,47.7,5.7,,75.7,N-HIV
140030,Sherman Hospital,Elgin,IL,81,19.3,75.9,6.1,45.6,2.1,,,74.9,7.9,,76.1,N-HIV
140053,St. John's Hospital,Springfield,IL,117,24.1,69.4,4.9,26.5,1.4,,,34.7,5.4,,43.7,N-HIV
140062,Palos Community Hospital,Palos Heights,IL,213,22,72.9,6,27.6,1.1,8.5,,62.5,7.7,15.2,69,N-HIV
140065,Adventist La Grange Mem Hosp,La Grange,IL,99,15.5,68.8,5.4,22.6,0.8,,,72.1,8.1,16.2,70,N-HIV
140067,OSF St. Francis Medical Center,Peoria,IL,170,34.2,66.7,5.8,30.3,1.3,12.9,,48.3,6.4,7.6,55.7,N-HIV
140084,Vista Medical Center East,Waukegan,IL,81,29.6,72.2,6,46.5,2.9,,,62,9.1,,64.4,N-HIV
140088,University of Chicago Med Ctr,Chicago,IL,227,25.6,67.1,5.4,44.1,2.6,15.1,5.7,64.4,8.9,11,71,N-HIV
140091,Carle Foundation Hospital,Urbana,IL,93,24.9,58.9,3.8,,,,,57.3,7.5,17.7,55.2,N-HIV
140114,Swedish Covenant Hospital,Chicago,IL,91,32.3,73,6.5,35,2.1,14.4,,57.9,6.5,,56.8,N-HIV
140116,Centegra Hospital - McHenry,McHenry,IL,97,24.3,70,6.3,53.1,3.4,,,70.2,8.1,17.5,65,N-HIV
140117,Resurrection Medical Center,Chicago,IL,183,23.8,68.4,6,54.6,3.3,14.6,7,62.5,7.5,20.6,82,N-HIV
140119,Rush University Medical Center,Chicago,IL,194,18.9,63.5,5.4,29.9,1,10.6,6.1,73.8,9.5,16.8,75.7,N-HIV
140122,Adventist Hinsdale Hospital,Hinsdale,IL,89,25.7,64.9,5.8,42.2,3,,,59.3,8.5,14.5,86.5,N-HIV
140135,Decatur Memorial Hospital,Decatur,IL,140,27.4,65.3,4.8,30.8,1.2,,8.3,50.7,5.9,11.8,41.8,N-HIV
140148,Memorial Med Ctr-Springfield,Springfield,IL,251,30.2,67.7,5.8,23.5,1.2,9.7,4.3,40.6,6.3,4.7,45.8,N-HIV
140158,Mercy Hospital and Med Ctr,Chicago,IL,91,16.4,64.6,4.7,40.2,1.8,,,76.2,10.2,14.2,54.9,N-HIV
140172,Franciscan St. James Hospital,Olympia Fields,IL,155,26.4,73.7,6.9,51.5,2.7,19.5,,62.8,7,16.9,68.6,N-HIV
140179,Little Company of Mary Hospital,Evergreen Park,IL,109,28.5,72.8,5.7,40.4,2.1,11.8,,63.7,8.6,,75.2,N-HIV
140185,Memorial Hospital - Belleville,Belleville,IL,113,18.5,68.4,5,22,0.8,,,73.8,9.1,18,67.1,N-HIV
140186,Riverside Medical Center,Kankakee,IL,96,26.6,64.4,6.2,45.5,3.4,,,72.6,11,12.4,64.4,N-HIV
140191,Ingalls Memorial Hospital,Harvey,IL,135,18.9,61.7,6,44.3,3,9.1,,70.8,10.6,,72.1,N-HIV
140200,Elmhurst Memorial Hospital,Elmhurst,IL,156,28.4,66.5,5.4,20.6,0.6,7.8,,58.4,6.7,14.1,64.3,N-HIV
140202,Advocate Condell Medical Center,Libertyville,IL,129,18.8,69.6,5.6,51.4,2.9,11.3,,69.7,6.8,22.6,77.8,N-HIV
140208,Advocate Christ Medical Center,Oak Lawn,IL,276,26.7,74.6,6.3,48.8,3,12.5,9.3,59.2,6.4,16,67.5,N-HIV
140209,Methodist Med Ctr of Illinois,Peoria,IL,98,28.1,68.2,5,34.9,2.1,,,51.3,7.3,,65.5,N-HIV
140211,Delnor Hospital,Geneva,IL,94,21.7,63.6,4.1,21.7,0.7,,,63.6,8.1,11.7,63.9,N-HIV
140213,Silver Cross Hospital,Joliet,IL,110,32.6,77.9,6.7,47.7,2.9,14.4,,61.9,7.5,13.1,71.7,N-HIV
140223,Advocate Lutheran General Hosp,Park Ridge,IL,273,22.6,68,5.5,34.1,1.6,8.3,5.6,67.7,8.2,17,75.8,N-HIV
140228,SwedishAmerican Hospital,Rockford,IL,107,33.7,65.3,5.5,14.4,0.7,,,58.6,10.4,,56.5,N-HIV
140231,Edward Hospital,Naperville,IL,156,22,70.5,5.2,33.1,1.8,,7.5,62.1,7,16.9,76.3,N-HIV
140233,OSF St. Anthony Medical Center,Rockford,IL,103,26.5,65.9,5.6,23.9,0.8,,,61,9.4,10.4,56.8,N-HIV
140242,Central DuPage Hospital,Winfield,IL,148,17.7,65.3,4.9,31.3,1.3,11.7,,68.4,9.2,17.5,73.7,N-HIV
140250,Advocate South Suburban Hospital,Hazel Crest,IL,96,18.3,77.1,6.2,62,4.1,14,,74.8,8.8,,65.1,N-HIV
140252,Northwest Community Hospital,Arlington Heights,IL,276,23.3,62.5,4.8,29.9,1.2,13.1,6.3,60.9,8.5,14.4,82,N-HIV
140258,Alexian Brothers Medical Center,Elk Grove Village,IL,147,21.2,59,5.7,37.7,2.7,10.4,,65.5,9,10.2,73.7,N-HIV
140276,Loyola University Medical Center,Maywood,IL,201,28.4,61.9,5.2,40.8,3.1,17.8,,61.6,7.7,13.6,60.2,N-HIV
140280,Trinity Rock Island,Rock Island,IL,143,20.9,66.9,4.5,16.6,0.4,,,64.1,8.7,14.6,56.8,N-HIV
140281,Northwestern Memorial Hospital,Chicago,IL,290,38.2,65,6,34.4,1.6,12.7,8,51.6,8.6,5.6,74.6,N-HIV
140288,Advocate Good Samaritan Hospital,Downers Grove,IL,120,15,55.5,4.6,22,0.7,,,66.5,8.8,16.1,70.5,N-HIV
140290,St. Alexius Medical Center,Hoffman Estates,IL,114,21.8,72.8,6.6,63.1,4.7,11.3,,69.8,7.5,18.6,75.6,N-HIV
140291,Advocate Good Shepherd Hospital,Barrington,IL,101,15.7,67.2,5.4,51.6,3.4,,,72.4,9,16.3,77,N-HIV
150002,Methodist Hospitals,Gary,IN,117,51.7,73.7,7.4,41.7,3,23.6,,36,4.3,,67.7,N-HIV
150012,St. Joseph Reg Med Ctr-Mishawaka,Mishawaka,IN,106,17.1,65.8,4.2,12.3,0.3,,,60.7,9.2,13.9,42.6,N-HIV
150017,Lutheran Hospital of Indiana,Fort Wayne,IN,136,18,57.8,3.6,21.7,0.9,,,68.8,9.6,13.6,68.8,N-HIV
150018,Elkhart General Healthcare Sys,Elkhart,IN,90,33.3,63.9,6.2,25.9,1.1,,,46.3,6.4,12.3,45.1,N-HIV
150021,Parkview Hospital-Fort Wayne,Fort Wayne,IN,129,12.5,55.7,4.2,20.2,0.6,10.5,,70.9,9.1,19.8,68.7,N-HIV
150023,Union Hospital-Terre Haute,Terre Haute,IN,178,34.2,76,6.8,38.9,2.1,14.8,14.9,42.8,4.5,13.6,51.1,N-HIV
150033,Franc St. Francis-Beech Grove,Beech Grove,IN,119,35.4,67.9,5.1,25.7,1.4,,,43,6.7,,60.2,N-HIV
150034,St. Mary Medical Center-Hobart,Hobart,IN,106,29.7,77.3,7.9,38.8,2,9.8,,60.9,6.8,14.9,73.5,N-HIV
150035,Porter-Valparaiso Hospital,Valparaiso,IN,101,12.6,71.2,5.4,23.5,1.5,14.1,,76.5,9,18.1,58.8,N-HIV
150044,Floyd Mem Hosp and Hlth Services,New Albany,IN,98,20,64.6,5.8,32.7,2.1,11.2,,68.9,10.2,,66.3,N-HIV
150048,Reid Hosp and Hlth Care Services,Richmond,IN,108,24.1,73.5,5.7,32.2,0.9,,,46.9,6.4,,40,N-HIV
150051,Indiana Univ Hlth Bloomington Hosp,Bloomington,IN,121,33.7,64.7,5.6,28.7,1.6,9.3,,44.4,6.9,,49.1,N-HIV
150056,Indiana Univ Hlth University Hosp,Indianapolis,IN,262,19.9,63,5.4,48,2.9,9,5.6,65.8,8.6,16.3,68.1,N-HIV
150058,Memorial Hospital of South Bend,South Bend,IN,135,25.2,71,5,33.8,1.4,,13,61.3,8.8,13.1,42.3,N-HIV
150082,Deaconess Hospital,Evansville,IN,199,23.5,61.9,5.1,27.9,1.2,6.5,7.5,56.6,7.9,12.8,51.1,N-HIV
150084,St. Vincent Indianapolis Hosp,Indianapolis,IN,237,18.4,66.3,4.8,32.2,1.3,13.6,6.8,66.9,8.4,15.3,69,N-HIV
150089,Indiana Univ Hlth Ball Mem Hosp,Muncie,IN,139,21.7,63.8,4.4,31.5,1.5,,9.4,45.8,6.1,9.3,62.6,N-HIV
150100,St. Mary's Med Ctr of Evansville,Evansville,IN,109,24.8,63.8,4.8,25.6,1.1,,,63,8.8,19.2,48.3,N-HIV
150125,Community Hospital-Munster,Munster,IN,260,24.1,71.8,6.1,42.8,2.1,11.5,13.1,62.6,7,12.3,71.9,N-HIV
150126,Franc St. Anthony-Crown Point,Crown Point,IN,86,26.9,76.8,6.1,40.7,2.6,,,64.2,6.9,15.1,51.6,N-HIV
150169,Community Hospital North,Indianapolis,IN,96,27,71.2,5.3,30.3,1.2,,,63.4,7.2,14.2,79,N-HIV
160033,Genesis Medical Center-Davenport,Davenport,IA,125,18.9,67.2,4.9,17.1,0.5,,,69.9,10,15.2,51.4,N-HIV
160058,Univ of Iowa Hosps and Clinics,Iowa City,IA,185,20.3,55.6,4.1,29.8,0.9,7.6,,68.8,11.5,8.8,62.3,N-HIV
160064,Mercy Medical Center-North Iowa,Mason City,IA,96,,51.4,2.3,12.1,0.1,,,86.1,13.1,16.9,41.8,N-HIV
160082,Iowa Methodist Medical Center,Des Moines,IA,224,27.2,62.5,5.4,16,0.4,,9,67.7,9.6,11.7,60.8,N-HIV
160083,Mercy Medical Center-Des Moines,Des Moines,IA,218,16.1,62.4,4.9,33.5,1.9,10.9,,78.4,12,11.9,68.5,N-HIV
160110,Allen Memorial Hospital,Waterloo,IA,98,24.9,69.4,5,26.7,0.7,,,63.4,9.8,11,62.3,N-HIV
170020,Promise Reg Med Ctr-Hutchinson,Hutchinson,KS,116,22,69.5,6.8,16.6,0.4,,20.7,66.4,7.9,12.8,61.6,N-HIV
170040,The University of Kansas Hosp,Kansas City,KS,153,29.3,64.7,5.8,38.4,1.9,14.8,,63.8,8.7,9.7,64.8,N-HIV
170086,Stormont-Vail HealthCare,Topeka,KS,105,20.3,62.4,5.2,22.5,0.9,,,76.9,10,19.4,58.9,N-HIV
170104,Shawnee Mission Medical Center,Shawnee Mission,KS,104,20.4,60.6,4.1,29,1.1,,,73.6,12.8,11.2,65.4,N-HIV
170122,Via Christi Hospitals Wichita,Wichita,KS,273,21.1,66.7,4.9,33,1.2,9.7,9.9,67.3,8.2,16.1,51.2,N-HIV
170123,Wesley Medical Center,Wichita,KS,140,30.2,66.5,4.7,33.9,1.1,,,56.5,7.8,9.7,52.5,N-HIV
180009,King's Daughters Medical Center,Ashland,KY,117,17.8,63.9,5,17.3,0.6,,,69.8,10.9,9.5,62.3,N-HIV
180010,St. Joseph Hospital-Lexington,Lexington,KY,154,18.4,57.2,4.4,30.6,1.6,,,72.4,10.8,9.7,60.1,N-HIV
180012,Hardin Memorial Hospital,Elizabethtown,KY,114,30.4,66.1,5.9,35.2,2.1,10.6,,51.3,8.4,,36.6,N-HIV
180013,Medical Center at Bowling Green,Bowling Green,KY,88,31.3,63.6,5.2,19.3,0.9,,,42.2,7.3,,52.1,N-HIV
180035,St. Elizabeth Edgewood,Covington,KY,179,24.2,65.6,6,40.1,2.4,14.1,8.6,70.6,9.3,12.6,69,N-HIV
180038,Owensboro Medical Health System,Owensboro,KY,164,20.2,65.3,4.3,23,0.9,,16.3,60.6,8.9,9.4,51.8,N-HIV
180040,Jewish Hospital-Louisville,Louisville,KY,221,30.8,69.8,5.1,30.9,1.2,15,8.3,48.4,6.8,9.6,71.4,N-HIV
180067,U of KY Albert B. Chandler Hosp,Lexington,KY,171,16.5,60.5,4.6,30.9,1.3,11.2,5.4,72.2,11.5,11.1,52.6,N-HIV
180088,Norton Hospital,Louisville,KY,296,25.5,62.4,5.3,35.9,2,13.4,5.1,55.5,8.5,8.6,65.9,N-HIV
180102,Lourdes Hospital,Paducah,KY,83,23.4,68.7,5.1,31.7,1.5,,,57.5,6.9,14.7,49.7,N-HIV
180103,Central Baptist Hospital,Lexington,KY,109,24.8,58.6,4.8,19.2,0.8,,,63.8,11.2,,67.9,N-HIV
180104,Western Baptist Hospital,Paducah,KY,145,29.7,59.3,5.5,16.3,0.3,,7.5,45.2,7.1,,54.3,N-HIV
180130,Baptist Hospital East,Louisville,KY,231,32.3,61.3,5.7,30.4,1.8,9.8,7.4,52.4,7,12.6,80.6,N-HIV
180132,Lake Cumberland Regional Hosp,Somerset,KY,91,27.7,69.2,5.8,29.3,1.6,,,66.7,9.5,,29.1,N-HIV
180141,University of Louisville Hosp,Louisville,KY,87,29.7,58.3,3.8,49.3,2.6,,10.6,50.7,7.7,,47.6,N-HIV
190002,Lafayette General Medical Center,Lafayette,LA,109,21.4,63.6,4.5,18.9,0.9,10.9,,70.7,10.6,13.4,57.5,N-HIV
190019,CHRISTUS St. Frances Cabrini Hosp,Alexandria,LA,88,15.9,62.5,5.9,22.4,1,,,74,11.5,14.9,67.3,N-HIV
190036,Ochsner Med Ctr-New Orleans,New Orleans,LA,96,19.5,63.2,5.2,28.9,1.7,12.6,,70.3,10.9,16.2,56.1,N-HIV
190041,CHRISTUS Schumpert Health System,Shreveport,LA,131,38,70.3,5.6,15.9,0.6,7.9,8.6,48.6,7.2,,50.7,N-HIV
190060,Lake Charles Memorial Hospital,Lake Charles,LA,81,34.2,70.9,6,15.2,0.2,,,57.9,8.5,,47,N-HIV
190064,Our Lady of the Lake Reg Med Ctr,Baton Rouge,LA,141,17.8,58.6,4.1,24.6,1.2,,7.3,75.3,11.6,13,57.7,N-HIV
190065,Baton Rouge General Med Ctr,Baton Rouge,LA,123,20,60.3,4.8,22.3,1.1,,,69.9,10.9,14,54.5,N-HIV
190102,Our Lady of Lourdes Reg Med Ctr,Lafayette,LA,117,21.2,56.9,4.5,17.2,0.8,8.4,,72.4,11.3,,49.8,N-HIV
190111,Willis-Knighton Medical Center,Shreveport,LA,182,37.1,66.3,6.7,31.1,1.9,12.9,,45.6,7.5,,72.4,N-HIV
190125,St. Francis Medical Center,Monroe,LA,100,28.9,59.1,4.8,39.5,2.3,12.6,,60.1,9.7,,51,N-HIV
190146,East Jefferson General Hospital,Metairie,LA,143,17.9,60,4,28.6,1.3,,9.9,73.6,11.3,10.6,63.9,N-HIV
200009,Maine Medical Center,Portland,ME,238,19.1,53.1,4.2,18.2,0.9,6.8,5,65.6,9.2,11.7,59.7,N-HIV
200024,Central Maine Medical Center,Lewiston,ME,93,19.3,63.1,4.9,14.4,0.4,,,69.4,10.6,,68.7,N-HIV
200033,Eastern Maine Medical Center,Bangor,ME,194,28.9,61.4,5.5,21.6,0.9,10.3,9.3,41.5,5.8,7,72.4,N-HIV
200039,MaineGeneral Med Ctr-Waterville,Augusta,ME,120,33.3,61.7,4.9,16,0.4,,,59.6,9.5,10.6,57,N-HIV
210001,Meritus Medical Center,Hagerstown,MD,152,37.2,66.9,5.5,26,1,,,49.2,8.4,,68.8,N-HIV
210002,University of Maryland Med Ctr,Baltimore,MD,120,23.3,59.5,5,38,2,11.5,,62.8,10.1,9.7,57.8,N-HIV
210004,Holy Cross Hospital,Silver Spring,MD,112,22.5,61.4,5.2,40.3,2.1,11.9,,62.5,8.3,16.2,79,N-HIV
210005,Frederick Memorial Hospital,Frederick,MD,147,26.4,71,6,14.1,0.3,8.3,,57,8,10.3,74.1,N-HIV
210007,St. Joseph Medical Center,Towson,MD,140,19.2,66.9,5.1,21,0.8,,,67.6,8,18.6,64.4,N-HIV
210008,Mercy Medical Center,Baltimore,MD,87,19.2,63.9,4.9,31.8,0.9,,,70,9.7,13.6,55.5,N-HIV
210009,Johns Hopkins Hospital,Baltimore,MD,253,26.5,55.1,4.8,18,0.8,10.5,,63.5,10.8,6.9,54.3,N-HIV
210011,St. Agnes Hospital,Baltimore,MD,131,34,70.3,5.7,33,1.3,14.1,,55.1,7.3,10.3,63.9,N-HIV
210012,Sinai Hospital of Baltimore,Baltimore,MD,135,28.2,73.9,7.1,25,0.9,15.1,,63.4,7.3,16.6,74.1,N-HIV
210015,Franklin Square Hospital Center,Baltimore,MD,186,24.8,71.6,5.3,36.8,1.3,11.2,10.8,61.2,8.3,9.8,62.1,N-HIV
210018,Montgomery General Hospital,Olney,MD,92,33.8,67.4,5.6,16.9,0.4,,,59.5,8.6,,72.6,N-HIV
210019,Peninsula Regional Health System,Salisbury,MD,175,19,67.6,5.7,18.9,0.7,5.8,6.5,70.6,9.7,11.5,74.5,N-HIV
210022,Suburban Hospital,Bethesda,MD,135,30.8,64.8,5.2,27.6,1.3,,,65.7,10.8,8.1,76.5,N-HIV
210023,Anne Arundel Medical Center,Annapolis,MD,203,19.5,70.4,5.2,29.8,1.2,,,67,8.6,16,75.6,N-HIV
210027,Western Maryland Reg Med Ctr,Cumberland,MD,171,39.7,71.4,6.3,15.1,1,10.4,8.5,42,6.2,7,53,N-HIV
210029,Johns Hopkins Bayview Med Ctr,Baltimore,MD,82,24.9,73.3,6.5,29.8,1.3,13.5,13.4,55.4,6.6,16.2,55.1,N-HIV
210033,Carroll Hospital Center,Westminster,MD,115,15.4,75.7,5.4,46,1.9,11.6,,69.9,7.1,22.9,64.9,N-HIV
210037,Memorial Hosp at Easton Maryland,Easton,MD,122,24.8,69.8,6.2,9.2,0.2,,,51.7,7.2,12.7,59.5,N-HIV
210040,Northwest Hospital,Randallstown,MD,94,12.9,72.9,5.2,14,0.4,,,72.6,6.9,24.3,74.9,N-HIV
210043,Baltimore Washington Med Ctr,Glen Burnie,MD,139,35,82.2,7.2,60.7,3.3,14,9.9,50.5,4.3,17.7,70.9,N-HIV
210044,Greater Baltimore Medical Center,Baltimore,MD,163,11.8,63.6,4.5,31,1.1,,,83.9,11.3,12.7,63.5,N-HIV
210048,Howard County General Hospital,Columbia,MD,91,27.7,78.4,5.5,22.1,1.1,,,67.6,7.7,18.7,78.2,N-HIV
210049,Upper Chesapeake Medical Center,Bel Air,MD,135,25.6,73.6,4.9,10.4,0.3,8.5,10.8,56.2,8.7,,73.1,N-HIV
210054,Southern Maryland Hosp Center,Clinton,MD,82,41.2,76.4,6.2,26.3,1,19.8,,46.9,7.7,,68.9,N-HIV
210056,Good Samaritan Hosp of Maryland,Baltimore,MD,91,24.6,71.6,6,42.9,2,,,59.4,7,14.5,68.9,N-HIV
210057,Shady Grove Adventist Hospital,Rockville,MD,108,36.3,62.9,5,26.3,1,11.2,,55.3,8.3,,80.6,N-HIV
220002,Mount Auburn Hospital,Cambridge,MA,95,32.9,62,4.9,31,0.8,,,57.8,8.1,,65.1,N-HIV
220012,Cape Cod Hospital,Hyannis,MA,155,15.2,63.6,3.8,7.9,0.1,,,65.5,8.4,13,69.8,N-HIV
220031,Boston Medical Center,Boston,MA,112,30.9,72.4,5.6,31.7,1.2,,,55,8.8,,70.3,N-HIV
220033,Beverly Hospital,Beverly,MA,98,19.4,64.3,3.8,11.7,0.2,,,71,8.9,19.3,68.1,N-HIV
220035,North Shore Medical Center,Salem,MA,152,12.8,67.6,4.9,11.9,0.4,,,76.2,10.3,21.5,80.2,N-HIV
220046,Berkshire Medical Center,Pittsfield,MA,109,20.9,53.8,4.7,18.2,1.2,,,72,10.7,16.3,63.2,N-HIV
220060,Jordan Hospital,Plymouth,MA,81,31.7,64,6.3,24.1,0.7,,,52.4,8.5,,69.2,N-HIV
220063,Lowell General Hospital,Lowell,MA,81,31.2,65.6,5.5,34.5,1,,,57.8,8.4,13.5,67.5,N-HIV
220066,Mercy Medical Center,Springfield,MA,85,26.6,58.4,4,,,,,49.4,8.7,,75.4,N-HIV
220070,Hallmark Health System,Melrose,MA,103,16.4,66,5,15.2,0.5,,,66.7,7.9,15.6,75.4,N-HIV
220071,Massachusetts General Hospital,Boston,MA,414,28.6,59.4,5.7,13.9,0.6,7.5,,60.5,7.9,11.7,70.7,N-HIV
220074,Southcoast Hospitals Group,Fall River,MA,269,32.8,69,6,31.2,1.2,9,4.6,45.3,4.9,11.2,73.4,N-HIV
220077,Baystate Medical Center,Springfield,MA,216,24,59.9,4.8,11.1,0.3,7.5,,55.7,7.4,13.4,77.2,N-HIV
220086,Beth Israel Deaconess - Boston,Boston,MA,242,33.8,63.3,5.4,29.1,1.2,10.7,6.4,60.8,8.4,12.5,77,N-HIV
220100,South Shore Hospital,South Weymouth,MA,204,31.1,63.8,4.5,14.3,0.3,7.4,,53.8,8.8,5.7,83.4,N-HIV
220101,Newton-Wellesley Hospital,Newton,MA,83,30.5,72,6.1,15.6,0.7,,,50.5,6.4,,85.1,N-HIV
220105,Winchester Hospital,Winchester,MA,84,32.6,75.7,5.4,24,0.6,,,52.5,7.4,,70.2,N-HIV
220116,Tufts Medical Center,Boston,MA,81,27.9,69.1,5.9,30.3,1.4,17.5,,60.5,9.3,,62.6,N-HIV
220126,Caritas Norwood Hospital,Norwood,MA,88,22.6,62.8,4,,,,,49.6,8.4,,75.2,N-HIV
220162,Dana-Farber Cancer Institute,Boston,MA,407,29.1,58.2,5.7,24.2,1.3,8.4,4.3,56.4,8.9,7.7,70.9,N-HIV
220163,UMass Memorial Medical Center,Worcester,MA,230,26.8,68.6,5.4,26.8,1.2,11.4,7,52.5,7.4,6.1,74.1,N-HIV
220171,Lahey Clinic Hospital,Burlington,MA,215,30.6,66,5.5,43.6,2.6,10.9,7,55.2,8.2,10.5,81.2,N-HIV
220175,MetroWest Medical Center,Framingham,MA,91,41.4,76,6.6,28.2,1.7,,,41.6,5.8,,83,N-HIV
230002,St. Mary Mercy Hospital,Livonia,MI,119,22.5,68.8,5.4,21.2,0.7,10.5,,69.8,9.4,14.6,62.7,N-HIV
230004,"Mercy Hlth Partners, Mercy Campus",Muskegon,MI,82,15.8,47.2,2.5,31.4,1.3,,,73.6,12.6,14.4,57.6,N-HIV
230017,Bronson Methodist Hospital,Kalamazoo,MI,152,20.3,56.6,3.9,8.6,0.2,,,68.9,12.1,,54.5,N-HIV
230019,Providence Hospital,Southfield,MI,220,15.6,74.9,6.1,49.4,3,9.9,,76,7.9,22,70.6,N-HIV
230020,Oakwood Hosp & Med Ctr-Dearborn,Dearborn,MI,207,27.8,72.6,6.4,41.4,2,18.6,,66.3,7.5,18.8,72.9,N-HIV
230021,Lakeland Reg Med Ctr-St. Joseph,St. Joseph,MI,122,11.3,62.5,4.5,31.3,1.4,,10.2,76.7,10.3,15.4,62.8,N-HIV
230024,Sinai-Grace Hospital,Detroit,MI,112,35.1,75.4,7.1,21.9,0.8,15.3,,58,6.3,19.2,80.4,N-HIV
230029,St. Joseph Mercy Oakland,Pontiac,MI,125,19.8,69.8,5.7,18.7,0.7,,,69.4,8.5,15.8,68.5,N-HIV
230038,Spectrum Hlth Butterworth Hosp,Grand Rapids,MI,272,21.1,65.3,5,32.9,1.5,8.1,5.7,76.2,9.7,16.5,72.6,N-HIV
230041,Bay Regional Medical Center,Bay City,MI,110,21.2,68.7,5.4,18.8,0.7,14.2,,65.1,8.5,14.6,51.5,N-HIV
230046,University of Michigan Hospitals,Ann Arbor,MI,283,21.2,57.4,5,16.8,0.6,10.2,10.2,70.1,10.3,10.1,73.5,N-HIV
230047,Henry Ford Macomb Hospitals,Clinton Township,MI,195,21.4,67,5.4,23.7,1.2,10.7,8.5,72.5,9.3,16.8,75.1,N-HIV
230053,Henry Ford Hospital-Detroit,Detroit,MI,197,30.2,68.2,6.7,37.5,2.4,15.8,,58.7,7.4,14.8,70.5,N-HIV
230059,St. Mary's Health Care,Grand Rapids,MI,80,29.1,69.9,5,41.4,1.9,,,69.2,9,15.7,71.1,N-HIV
230070,Covenant Medical Center,Saginaw,MI,148,21.9,59,4.7,25.2,1,,,67.2,10,12,69.5,N-HIV
230075,Battle Creek Health System,Battle Creek,MI,106,17.3,67.5,4.4,19,0.5,,13.2,64.3,9.5,,61.6,N-HIV
230077,St. Mary's of Michigan-Saginaw,Saginaw,MI,107,24.3,66.6,5.2,33.2,1.2,13.2,,65.3,9.1,12,59.2,N-HIV
230089,Beaumont Hospital-Grosse Pointe,Grosse Pointe,MI,88,22.2,75.7,6.3,49,2.1,16.1,,70,7.8,18.8,83.8,N-HIV
230092,Allegiance Health,Jackson,MI,105,22.6,63.1,4.9,12.5,0.6,,,69.1,9.8,17.3,61,N-HIV
230097,Munson Medical Center,Traverse City,MI,163,23.5,67.3,5.5,26.5,1.3,,8.2,66,8.2,14.1,52.5,N-HIV
230117,Borgess Medical Center,Kalamazoo,MI,135,22.2,59.9,3.9,,,,,62.2,10.4,,59.9,N-HIV
230130,Beaumont Hospital-Royal Oak,Royal Oak,MI,458,22.4,68.8,7.3,42.7,2.6,13.4,6.4,68.5,7.9,19,82.8,N-HIV
230141,McLaren Regional Medical Center,Flint,MI,144,20.6,69.8,4.8,31.5,1,14.3,13.3,71.3,8,20.6,78.3,N-HIV
230146,Henry Ford Wyandotte Hospital,Wyandotte,MI,114,18.2,80.9,7,50.8,3.1,19.1,,72.8,7.1,22.5,69.4,N-HIV
230151,Botsford Hospital,Farmington Hills,MI,94,27.6,71.7,5.5,38.7,1.3,10.3,14.8,67.8,7.9,20.5,79.2,N-HIV
230156,St. Joseph Mercy Hosp-Ann Arbor,Ann Arbor,MI,203,20.2,65.8,4.5,37.5,2,10.3,,72.2,9.6,13,76,N-HIV
230165,St. John Hospital and Med Ctr,Detroit,MI,228,23.2,71.1,6.7,46.3,2.8,15.6,8.1,69.2,7.1,21.7,85.8,N-HIV
230167,Ingham Regional Medical Center,Lansing,MI,101,22.9,70.7,6.2,15.4,0.6,,,75.8,9.1,24.3,71.7,N-HIV
230195,St. John Macomb-Oakland Hospital,Warren,MI,210,21.3,74.7,6.7,31.4,1.7,16.4,7.7,64.8,6.6,19.5,75.9,N-HIV
230197,Genesys Regional Medical Center,Grand Blanc,MI,196,25,66.4,5.1,26,1,7.7,,70.1,9.1,12.7,67.6,N-HIV
230216,Port Huron Hospital,Port Huron,MI,84,20.4,69.8,4.9,23.6,1.2,,,58.4,7.7,,62.9,N-HIV
230222,MidMichigan Med Ctr-Midland,Midland,MI,108,22.4,63.8,3.8,18.8,0.3,,,71.3,10,13.5,65,N-HIV
230227,Mount Clemens Regional Med Ctr,Mount Clemens,MI,104,13.8,75,5.2,58.5,2.7,12.1,,69.1,8.2,13.7,75.3,N-HIV
230230,Sparrow Hospital-Lansing,Lansing,MI,166,27.9,67.8,6.5,18.2,0.9,9.8,,60.5,7.6,12.8,75.7,N-HIV
230254,Crittenton Hospital Med Ctr,Rochester,MI,85,15.1,80.5,7.4,45.7,2.5,,17.3,74,5.3,33,81.6,N-HIV
230269,Beaumont Hospital-Troy,Troy,MI,211,16.1,67,5.9,41.6,2.1,11.3,,77.8,10.5,16.8,81.1,N-HIV
230297,Karmanos Cancer Center,Detroit,MI,105,22.9,54.4,3.8,17.1,0.4,,,67.5,10.5,12.9,62.7,N-HIV
240001,North Memorial Health Care,Robbinsdale,MN,85,,56.9,3,17.9,0.4,,,79.1,10.1,16.1,66.1,N-HIV
240002,Essentia St. Mary's-Duluth,Duluth,MN,116,17.9,51.5,4.3,21.4,1.2,,,72.1,12,11,52.7,N-HIV
240010,Mayo Clinic-St. Mary's Hospital,Rochester,MN,264,20.7,54.2,4.3,29.8,1,9.1,,58.1,9.4,10.7,66.5,N-HIV
240036,St. Cloud Hospital,St. Cloud,MN,99,21.2,62.4,4.5,14.6,0.4,,,59.3,8.5,,69,N-HIV
240038,United Hospital,St. Paul,MN,99,18.7,56.1,4,12.5,0.3,,,68.4,8.4,12,77.8,N-HIV
240053,Methodist Hospital,St. Louis Park,MN,91,13.7,57,3.3,,,,,76.6,12.3,,76.3,N-HIV
240057,Abbott Northwestern Hospital,Minneapolis,MN,131,30.9,60.8,5.4,23,0.9,,,62.5,9.5,,71.8,N-HIV
240061,Mayo Clinic-Methodist Hospital,Rochester,MN,119,15.3,50,4,19.1,0.4,,,67.4,11.8,,70.4,N-HIV
240078,Fairview Southdale Hospital,Edina,MN,106,24.5,58.3,4.5,19.1,0.7,,,64.4,11.6,,68.9,N-HIV
240080,Univ of Minnesota Med Ctr-Fairview,Minneapolis,MN,82,23,52.2,4.2,26.2,0.9,,,60.3,9.3,,65.2,N-HIV
240210,St. John's Hospital,Maplewood,MN,86,25.5,59.6,4.6,28.9,1.1,,,55.8,9,,75.3,N-HIV
250001,Univ of Mississippi Medical Ctr,Jackson,MS,85,31.9,61.5,5.1,20.4,1,13.3,,48.7,6.9,,54.1,N-HIV
250004,North Mississippi Med Ctr-Tupelo,Tupelo,MS,254,30.5,64.9,6.1,21.2,1.2,9.7,5.1,56.8,9.1,5.1,52.6,N-HIV
250019,Memorial Hospital at Gulfport,Gulfport,MS,124,29.5,68.5,5.8,25.5,1.3,,,64.9,9.9,,47.9,N-HIV
250040,Singing River Health System,Pascagoula,MS,108,28.9,72.9,6.1,30.3,1.9,,,63.2,8.1,12.2,61.8,N-HIV
250048,St. Dominic-Jackson Mem Hosp,Jackson,MS,186,31,71.3,6.8,22.8,1.1,10.5,,61.8,7.8,15,65.8,N-HIV
250078,Forrest General Hospital,Hattiesburg,MS,151,34.7,61.5,5.9,15.1,0.5,6.4,,52.7,8.5,,49.4,N-HIV
250102,Mississippi Baptist Med Ctr,Jackson,MS,219,30.5,70,6.7,17.2,0.6,10,7.1,60,8.7,9.3,64,N-HIV
250104,Anderson Regional Medical Center,Meridian,MS,113,45.8,66.2,7.2,27.5,1.3,9.3,11.8,48.4,9.1,,50,N-HIV
250141,Baptist Mem Hosp-Desoto,Southaven,MS,124,29.6,70.9,6,36.3,1.6,13.6,14.2,56.7,8.6,,68.7,N-HIV
260001,St. John's Regional Med Ctr,Joplin,MO,120,28.9,57.9,4.8,22,0.8,14.7,9.2,53.6,8.3,,44.9,N-HIV
260006,Heartland Regional Med Ctr,St. Joseph,MO,150,25.9,60.3,5.8,14.4,0.6,10.6,,57.4,9.9,,58.8,N-HIV
260020,St. John's Mercy-St. Louis,St. Louis,MO,163,33.1,74.8,5.9,45.5,2.3,13.6,7.8,58.4,7.2,9,73.9,N-HIV
260027,Research Medical Center,Kansas City,MO,84,27.2,76,7,41.6,2.1,,,69.1,6.9,21.1,66.1,N-HIV
260032,Barnes-Jewish Hospital,St. Louis,MO,432,27.9,66.8,6,21,0.9,10.6,6.3,60.6,7.5,13.8,62.5,N-HIV
260040,Lester E. Cox Medical Centers,Springfield,MO,164,31.1,60.9,4.9,23,0.6,10.9,,54.6,9.8,,50.2,N-HIV
260065,St. John's Hospital - Springfield,Springfield,MO,221,30.9,63.4,5.3,23.1,1,8.1,,48.1,8.4,5.2,44.5,N-HIV
260068,Boone Hospital Center,Columbia,MO,149,31.6,68.9,5.1,20.8,0.8,,8.6,57,8.6,9.2,48.4,N-HIV
260077,St. Anthony's Medical Center,St. Louis,MO,173,30.8,71,5.7,31,1.8,13.3,11.8,63.5,9.3,10.9,61.7,N-HIV
260085,St. Joseph Medical Center,Kansas City,MO,92,14.8,61.9,4.6,35.8,1.7,,,75.5,10.8,16.5,71.6,N-HIV
260091,SSM St. Mary's Health Center,Richmond Heights,MO,99,22.6,64.5,5.9,44.2,2.7,13.2,,70.5,10.4,15.8,51.4,N-HIV
260095,Centerpoint Medical Center,Independence,MO,81,24.1,66.8,5.5,47.4,2.8,,,66,8.4,16.1,69.1,N-HIV
260096,North Kansas City Hospital,North Kansas City,MO,160,16.7,67.4,5.2,40.8,1.9,7.9,8.3,74,10.8,10.7,55.7,N-HIV
260108,Missouri Baptist Medical Center,Town and Country,MO,206,25,62.7,4.7,25.1,1.2,,,62.7,9.3,9.5,58.1,N-HIV
260110,Southeast Hospital,Cape Girardeau,MO,99,22,59.2,5.4,35.2,2,,,61.6,9.1,11.2,52.8,N-HIV
260119,Poplar Bluff Regional Med Ctr,Poplar Bluff,MO,87,39.7,69,5.6,30.5,0.9,,,49.6,7.2,,33.1,N-HIV
260137,Freeman Health System,Joplin,MO,115,25.8,60.2,5.1,23.5,0.8,,,58.6,9.1,,59.3,N-HIV
260138,St. Luke's Hosp of Kansas City,Kansas City,MO,111,17.7,71.6,5.5,49.9,2.5,,,73.1,9.3,13,74.8,N-HIV
260141,Univ of Missouri Hosps and Clinics,Columbia,MO,91,18.8,54,4.4,23.2,0.9,12.4,,62.6,9.6,,56.5,N-HIV
260177,Liberty Hospital,Liberty,MO,93,26.8,64.6,5.2,22.1,1.1,,,70.2,12.3,,56.4,N-HIV
260179,St. Luke's Hosp-Chesterfield,Chesterfield,MO,142,32.5,71.2,6.3,35.5,1.9,9.9,9.9,61.1,8.4,,67.3,N-HIV
260180,Christian Hospital,St. Louis,MO,89,35.7,78.2,7.8,51.4,3.8,15.1,,50.5,6.9,,74.2,N-HIV
260183,St. Francis Med Ctr-Cape Girardeau,Cape Girardeau,MO,110,33,75.3,6.2,32.9,1.4,11.3,,53.1,6.8,,47.8,N-HIV
270004,Billings Clinic,Billings,MT,93,26.4,65.9,5.4,19.1,0.9,,,49.6,7.2,,53.1,N-HIV
270012,Benefis Hospitals,Great Falls,MT,92,24.4,47.1,4.3,11.7,0.6,,,64.8,11.2,,44.2,N-HIV
280003,BryanLGH Medical Center,Lincoln,NE,137,20.4,65.1,4.2,32.7,0.9,11.9,,59.1,8.1,11.2,70.3,N-HIV
280013,Nebraska Medical Center,Omaha,NE,143,26.1,67.8,5.8,52.3,3.6,13.9,,56.9,7.1,12.5,72.4,N-HIV
280020,St. Elizabeth Regional Med Ctr,Lincoln,NE,135,18.8,53.7,4.1,17.4,0.8,,,70.7,11,9.4,70.2,N-HIV
280040,Nebraska Methodist Hospital,Omaha,NE,138,22,62.9,5.7,32.9,1.9,,,66.5,7.7,19.5,73.4,N-HIV
280060,Alegent Health-Bergan Mercy,Omaha,NE,129,23.8,67.6,6.3,28.5,1.7,,10.6,62.8,6.6,15,72,N-HIV
290001,Renown Regional Medical Center,Reno,NV,178,42.5,62.7,6.3,37.1,2.6,11.2,,36.2,5.6,,64,N-HIV
290003,Sunrise Hospital and Med Ctr,Las Vegas,NV,148,27.3,67.9,6.1,38.6,2.1,20.3,,63.1,8.4,9.2,70.6,N-HIV
290009,St. Mary's Regional Med Ctr,Reno,NV,80,26.6,66.3,4.1,29.4,1.1,,,51.4,7.4,13.1,58.9,N-HIV
290019,Carson Tahoe Regional Healthcare,Carson City,NV,111,29.3,73.2,5.3,30.3,1.2,,,42.2,6.1,,67.5,N-HIV
290039,MountainView Hospital,Las Vegas,NV,148,25,64.6,5.6,41.2,2.5,14.8,7,66,8.9,14.6,77.6,N-HIV
290041,Summerlin Hospital Med Ctr,Las Vegas,NV,86,20.2,67.7,6.2,43.1,2.8,,12.8,68.1,9.4,15,74.9,N-HIV
290045,St. Rose Dominican-Siena,Henderson,NV,111,20.1,69.6,5.9,45.9,3.1,14.6,9.9,71.6,8.4,17.3,70.4,N-HIV
300001,Concord Hospital,Concord,NH,94,19.2,56.6,4.2,,,,,67.7,10.2,12.6,69.8,N-HIV
300003,Dartmouth-Hitchcock Med Ctr,Lebanon,NH,196,19.9,55.5,4.3,16.6,0.6,8.1,,47.3,6.5,6.4,67.6,N-HIV
300012,Elliot Hospital,Manchester,NH,97,34.5,61.8,4.7,,,,,47.3,6.4,,79.1,N-HIV
300018,Wentworth-Douglass Hospital,Dover,NH,84,15.1,58.2,3.9,13.7,0.7,,,77.6,12.4,,77.4,N-HIV
310001,Hackensack University Med Ctr,Hackensack,NJ,347,31.6,70.2,6,28,1.3,13.8,10.4,59.2,7.1,14,75.8,N-HIV
310006,St. Mary's Hospital,Passaic,NJ,86,30.5,75.8,6,17,0.6,,,54.2,6,,53.7,N-HIV
310008,Holy Name Medical Center,Teaneck,NJ,148,38.8,71.2,6.7,18.2,0.9,13.4,,47.8,5.4,11.1,76.6,N-HIV
310009,Clara Maass Medical Center,Belleville,NJ,139,31.8,65.9,5.8,42.7,2.8,16.1,9.1,51.4,7.7,,81.8,N-HIV
310010,University Med Ctr at Princeton,Princeton,NJ,108,26.7,55.4,4.6,23.2,1.3,,,55.5,7.9,12.1,77.9,N-HIV
310011,Cape Regional Medical Center,Cape May Court House,NJ,105,23.9,67.9,6.1,36.1,1.8,,,55.2,8.5,,67.6,N-HIV
310012,Valley Hospital,Ridgewood,NJ,313,35.1,68.6,6.5,15.9,0.7,15.6,5.5,55.6,7.7,10.5,76.8,N-HIV
310014,Cooper Health System,Camden,NJ,111,32.3,63.9,5.1,41.6,2.7,12.6,,61.5,8.5,12.3,77.4,N-HIV
310015,Morristown Medical Center,Morristown,NJ,267,28.4,64.7,5.9,40.5,2.4,7.5,9.1,59.9,8,9.3,84,N-HIV
310017,Chilton Memorial Hospital,Pompton Plains,NJ,122,22.7,67.3,6.1,45.3,2.6,13,,66.5,9.4,14.6,67,N-HIV
310019,St. Joseph's Regional Med Ctr,Paterson,NJ,146,32.1,71.3,7,35.7,1.9,20.9,9.1,57.8,6.8,19.1,65.9,N-HIV
310022,Virtua West Jersey Hosp-Voorhees,Berlin,NJ,251,28.4,73.5,6.6,57.1,3.9,11.8,11,61.4,7.9,12.2,82.5,N-HIV
310024,RWJ University Hosp-Rahway,Rahway,NJ,99,34.1,76.5,7.8,51.5,3.9,14.9,,44.2,5.7,,73.9,N-HIV
310027,Trinitas Regional Medical Center,Elizabeth,NJ,87,41.2,69.9,7,20.7,0.6,,,46.3,7.1,,54,N-HIV
310032,South Jersey Healthcare-Regional,Vineland,NJ,119,28.5,66,4.9,40.6,2,12.4,,62.9,9.9,10.5,69.8,N-HIV
310034,Riverview Medical Center,Red Bank,NJ,152,25.7,77,6.7,38.4,2.5,10.8,9.3,66.3,5.9,27,88.6,N-HIV
310038,RWJ University Hosp-New Brunswick,New Brunswick,NJ,278,34,63.8,7,42.4,3.4,11.7,5.1,57.9,8.2,11,82.2,N-HIV
310039,Raritan Bay Medical Center,Perth Amboy,NJ,88,52.4,80.3,8,63,3.8,27.4,,40,3,13.8,77.8,N-HIV
310041,Community Medical Center,Toms River,NJ,389,14.6,67.7,6.1,40.4,2.3,7.1,7.2,74.7,8.6,23.9,77.5,N-HIV
310045,Englewood Hospital and Med Ctr,Englewood,NJ,151,30.7,69.4,6.6,11.3,0.6,8.5,,53,7.3,10.7,83.1,N-HIV
310047,Shore Memorial Hospital,Somers Point,NJ,111,26.2,69.2,5.9,34.1,1.8,,12,69.1,9,17.5,65.4,N-HIV
310048,Somerset Medical Center,Somerville,NJ,141,38.5,70.6,7.2,36.9,2.2,11.9,10.5,55.5,7.3,10,81.1,N-HIV
310050,St. Clare's Health Sys-Denville,Denville,NJ,162,23.5,71.3,5.5,35.9,1.4,10.1,15.2,65.3,8.1,12.7,89.1,N-HIV
310051,Overlook Medical Center,Summit,NJ,249,26.8,64.2,5.7,36.7,1.9,7.9,8.5,59.9,8.3,14.7,83.3,N-HIV
310052,Ocean Medical Center,Brick,NJ,187,16.7,73.6,6.6,46.2,2.7,11.7,11,75.4,6.4,33.2,91.8,N-HIV
310054,Mountainside Hospital,Montclair,NJ,108,35,70.4,5,37.2,1.5,13.1,,49.1,6.5,,74.7,N-HIV
310057,Virtua Memorial,Mount Holly,NJ,131,11.2,67,4.9,41.3,1.7,9.7,,76,8.9,21.8,78.8,N-HIV
310064,AtlantiCare Regional Med Ctr,Atlantic City,NJ,151,31.5,68.3,7.1,32.1,1.7,16.5,11.7,61.7,7.7,19.5,80.3,N-HIV
310070,St. Peter's University Hosp,New Brunswick,NJ,116,35.7,70.3,7.9,32.2,2.5,10.5,,52.3,7.1,12.2,79.6,N-HIV
310073,Jersey Shore University Med Ctr,Neptune,NJ,211,24.2,68.7,6.2,45.7,2.6,14.4,12.8,64.2,7.7,21,83.1,N-HIV
310075,Monmouth Medical Center,Long Branch,NJ,89,,65.1,5.1,45.8,2.7,,,78.9,10.5,21.3,85.9,N-HIV
310076,St. Barnabas Medical Center,Livingston,NJ,247,23.9,63.1,6.2,31.3,1.7,11.3,6.4,62.8,8.4,11.2,81.2,N-HIV
310081,Underwood-Memorial Hospital,Woodbury,NJ,111,26,62.6,5.5,36.7,2,,12.5,68.1,10.6,14.4,81.5,N-HIV
310086,Kennedy Mem Hosps-Univ Med Ctr,Stratford,NJ,151,22.5,75.8,5.8,59.3,4,18.8,,63,8.9,13.7,75.6,N-HIV
310108,JFK Medical Center,Edison,NJ,182,22.7,70,6.7,39.6,2.2,13,11.9,62,6.5,24.3,86.3,N-HIV
310110,RWJ University Hosp-Hamilton,Hamilton,NJ,112,25.2,71.3,6.4,45.6,2.9,,,65.5,7.5,16.5,87.1,N-HIV
310111,CentraState Healthcare System,Freehold,NJ,141,20.3,69.3,6,16.6,0.9,10.9,8.8,72,7.2,25.3,71.2,N-HIV
310113,Southern Ocean Medical Center,Manahawkin,NJ,104,14.1,64,4.1,41.6,1.9,,,78.9,11.6,18.1,74.2,N-HIV
320001,University of New Mexico Hosps,Albuquerque,NM,80,27.6,56.3,4.5,39.5,2,,,65.1,11.1,,50.9,N-HIV
320021,Presbyterian Hospital,Albuquerque,NM,156,19.8,64,4.6,28.5,1.2,,9.4,68.2,9.9,15.2,58.6,N-HIV
330005,Kaleida Health,Buffalo,NY,184,33.7,66.2,6,22.2,1.5,10.9,,53.1,7.4,11.5,71.3,N-HIV
330011,Our Lady of Lourdes Mem Hosp,Binghamton,NY,112,27.4,66,5.4,13.1,0.2,,,56.7,7.4,12.4,61.2,N-HIV
330013,Albany Medical Center,Albany,NY,99,34,62.8,5.1,20.2,0.7,,,46.4,5,,73.6,N-HIV
330023,Vassar Brothers Medical Center,Poughkeepsie,NY,167,38.3,65,5.6,11.1,0.2,10.2,12.8,49.7,8.3,6.5,78.4,N-HIV
330024,Mount Sinai Hospital,New York,NY,278,46.9,67.3,7.5,17.5,0.8,14.8,8.7,27.1,4.1,,77.1,N-HIV
330044,Faxton-St. Luke's Healthcare,Utica,NY,114,52.8,72.1,8,26.6,1.3,11.4,17.5,23.5,3.4,,66.4,N-HIV
330045,Huntington Hospital,Huntington,NY,160,27.4,71.2,5.8,20.8,1,16.3,,60.1,7.7,10.1,86.8,N-HIV
330046,St. Luke's-Roosevelt Hosp Center,New York,NY,98,36.1,65.3,6,14.7,0.5,15.4,,42.6,6.1,11.8,66.8,N-HIV
330055,New York Hospital Queens,Flushing,NY,224,44.3,78.4,8.1,14.8,0.9,14.8,,36.6,4.2,8.1,63.7,N-HIV
330057,St. Peter's Hospital,Albany,NY,155,14.8,61.6,5.5,10.8,0.3,,7.2,71.8,9.2,18.8,90.6,N-HIV
330059,Montefiore Medical Center,Bronx,NY,270,30.3,64.3,6.6,17,0.9,13.8,,25.7,3.9,,75.8,N-HIV
330061,Lawrence Hospital Center,Bronxville,NY,99,29.6,62.4,5.9,,,,,33.3,3.9,,69.1,N-HIV
330090,Arnot Ogden Medical Center,Elmira,NY,80,21.9,56.1,5.2,18.5,0.6,,,64.4,10.9,,63.1,N-HIV
330101,New York-Presbyterian Hospital,New York,NY,515,41.4,63.6,6.9,11,0.6,12.2,8,31.9,4.7,5.6,70.1,N-HIV
330104,Nyack Hospital,Nyack,NY,103,39.3,70.9,6.5,,,19.1,13.1,45.6,6.9,,91.6,N-HIV
330106,North Shore Univ Hosp-Manhasset,Manhasset,NY,460,38.4,65.8,6.4,26.3,1.1,12.1,9.1,48.2,6.4,6.6,85.2,N-HIV
330119,Lenox Hill Hospital,New York,NY,115,49.8,65.9,7.3,14.1,0.9,17.2,12.3,21.9,2.6,,70.1,N-HIV
330125,Rochester General Hospital,Rochester,NY,82,21,60.3,5.5,14.5,0.3,,,59.5,6.6,16.6,64.3,N-HIV
330126,Orange Regional Medical Center,Middletown,NY,153,38.4,66.5,7.4,29.6,1.3,,,41.3,5.8,8.6,81.1,N-HIV
330140,St. Joseph's Hospital-Syracuse,Syracuse,NY,176,42.4,71.8,8.1,13.7,0.7,9.6,,36,5.5,,70.7,N-HIV
330141,Brookhaven Memorial Hosp Med Ctr,Patchogue,NY,104,41,75.7,7,23.2,1.3,15.9,,47.1,4.7,13.7,80.1,N-HIV
330153,Ellis Hospital,Schenectady,NY,118,28.4,69.3,5.5,17.8,0.7,13,10.1,62.5,8.8,10.7,78.7,N-HIV
330154,Mem Sloan-Kettering Cancer Ctr,New York,NY,741,27.3,58,5.5,11.5,0.5,8.1,3.7,50.1,8,5,80.1,N-HIV
330160,Staten Island University Hosp,Staten Island,NY,151,39.2,70.3,6.8,23.1,1.1,,,40.3,5.1,9.3,79.6,N-HIV
330167,Winthrop-University Hospital,Mineola,NY,212,23.1,66.8,7.2,17.8,1.1,8.7,,69.2,7.5,20,84,N-HIV
330169,Beth Israel Medical Center,New York,NY,225,44.9,70.9,7.1,20.7,0.9,19.3,,38.7,4.7,6.4,75.7,N-HIV
330182,St. Francis Hospital-Roslyn,Roslyn,NY,116,45.6,65.7,6.4,33.6,1.8,12.8,,47.5,7.6,,82.1,N-HIV
330185,John T. Mather Memorial Hospital,Port Jefferson,NY,114,31,63.4,6.7,38.9,2.3,,,56.3,7.4,12.2,94.3,N-HIV
330191,Glens Falls Hospital,Glens Falls,NY,111,54.8,74.7,7.2,14.8,0.3,,10.8,32.7,5.3,,62.9,N-HIV
330194,Maimonides Medical Center,Brooklyn,NY,222,48.1,77.1,7.5,,,20.9,7.9,39.8,4.9,9.1,83.3,N-HIV
330195,Long Island Jewish Med Ctr,New Hyde Park,NY,165,27.3,67.7,5.9,16.4,0.7,11,,55.1,7.5,7.9,81.4,N-HIV
330198,South Nassau Communities Hosp,Oceanside,NY,170,36.1,66.6,7.4,13.7,0.6,11.7,,52.1,7.4,11.8,87.2,N-HIV
330203,Crouse Hospital,Syracuse,NY,138,42.8,68,7.1,21.6,1.1,14.8,7.8,36.2,6.3,,66.4,N-HIV
330208,St. John's Riverside Hospital,Yonkers,NY,106,42.9,71.9,7.3,13.5,0.5,,,27.2,3.5,,78.5,N-HIV
330214,NYU Langone Medical Center,New York,NY,205,27,64.2,6.1,32,1.8,10.6,8.1,54.2,7,11.4,75.3,N-HIV
330236,New York Methodist Hospital,Brooklyn,NY,119,47.3,71.1,8.3,14.7,0.5,11.8,,35.8,5.5,,75,N-HIV
330241,Upstate Medical University,Syracuse,NY,139,38.1,73.5,7.7,27.4,2,,,42.3,6,,70.8,N-HIV
330250,Champlain Valley Physicians Hosp,Plattsburgh,NY,97,48.6,64.8,6.8,17.3,1,11.4,,39.4,5.9,,52.7,N-HIV
330259,Mercy Med Ctr-Rockville Center,Rockville Centre,NY,113,34.5,69.7,7.5,29.8,2,14.5,12.8,48.8,6.5,10.8,84.9,N-HIV
330261,Phelps Memorial Hospital Center,Sleepy Hollow,NY,86,30.3,64.2,5.4,35.8,1.5,,,35.7,5.4,,80.4,N-HIV
330264,St. Luke's Cornwall Hospital,Newburgh,NY,86,23.9,58.5,4.5,28.3,1.4,,,56.7,9.9,,62.2,N-HIV
330285,Strong Memorial/U of Rochester,Rochester,NY,116,27.6,62.2,6.7,19.6,1.2,,,63.1,8.1,15.3,70.8,N-HIV
330286,Good Samaritan Hosp-West Islip,West Islip,NY,193,44.6,67.6,7.1,15.5,0.9,9.9,5.9,37.7,5.4,5.7,81,N-HIV
330304,White Plains Hospital Center,White Plains,NY,149,41.3,65.6,6.4,14.6,0.9,10,,38.1,5,8.2,87.5,N-HIV
330306,Lutheran Medical Center,Brooklyn,NY,89,44.1,73.5,7.8,14.5,0.6,,,27.2,3.3,,83.3,N-HIV
330331,North Shore Univ Hosp-Plainview,Plainview,NY,104,27,72.5,7,37.1,1.8,,,62.1,7.9,11.9,72.6,N-HIV
330332,St. Joseph Hospital-Bethpage,Bethpage,NY,82,32.9,72.2,6.3,41.1,1.8,21.3,,57.2,6.3,21.3,86.7,N-HIV
330393,Stony Brook University Med Ctr,Stony Brook,NY,168,32.8,65.6,7.2,22.1,1.3,10.9,,52.9,7,11.9,70.4,N-HIV
330394,United Hlth Svcs Hosps-Binghamton,Johnson City,NY,123,22.8,63.2,4.6,9.2,0.2,,,54.5,6.9,14.4,59.7,N-HIV
330401,St. Catherine of Siena Med Ctr,Smithtown,NY,140,40.3,69.8,6.8,28.6,1.9,8.8,,52.3,7.1,,86.1,N-HIV
340001,Carolinas Med Ctr-NorthEast,Concord,NC,163,24,65,5.4,30.2,1.4,10,,60.5,9.8,7.3,75.1,N-HIV
340002,Mission Hospital,Asheville,NC,275,20.8,61.6,4.5,26.4,1.2,8.2,5.4,64.3,9.7,11.6,68.7,N-HIV
340004,High Point Regional Health Sys,High Point,NC,87,18.1,64.4,5,33.8,1.4,,,76,11.7,,62.5,N-HIV
340010,Wayne Memorial Hospital,Goldsboro,NC,128,46.4,83,6.6,8.3,0.3,,18.1,47.6,6.5,,47.7,N-HIV
340014,Forsyth Medical Center,Winston-Salem,NC,205,27.7,53.6,5.2,17.3,1,7.2,5,66.2,12.3,6.8,55.9,N-HIV
340027,Lenoir Memorial Hospital,Kinston,NC,90,30.4,62.4,5.3,30.3,1.6,,,54.8,8.9,12.8,57.6,N-HIV
340028,Cape Fear Valley - Fayetteville,Fayetteville,NC,188,27.1,65.2,5.9,25.1,0.9,8.8,5.4,59.2,9,8.7,57.8,N-HIV
340030,Duke University Hospital,Durham,NC,301,26.4,55.6,4.8,23.9,1.1,12,7.9,65.7,9.9,9.2,69.6,N-HIV
340032,Gaston Memorial Hospital,Gastonia,NC,156,16.4,67.6,3.7,38.4,1,10.1,,72.9,10.6,12.1,62.8,N-HIV
340039,Iredell Memorial Hospital,Statesville,NC,80,15.1,64,4.4,17.4,0.4,,,80.2,10.7,17.6,40.7,N-HIV
340040,Pitt County Memorial Hospital,Greenville,NC,248,35.9,63.2,6.4,33,1.6,11.8,7.9,51.2,8.3,6.4,54.5,N-HIV
340047,Wake Forest Baptist Med Ctr,Winston-Salem,NC,222,33.4,65.6,5.5,35.9,1.4,15.3,4.5,58.8,9.5,6.6,61.7,N-HIV
340050,Southeastern Regional Med Ctr,Lumberton,NC,81,20.2,74.2,4.8,39.6,1.7,,,70.2,8.9,,67.6,N-HIV
340053,Presbyterian Hosp-Charlotte,Charlotte,NC,205,22.9,61.6,5.5,24.7,1.1,9.1,,67.9,9.8,8.5,65.8,N-HIV
340061,Univ of North Carolina Hosps,Chapel Hill,NC,178,19.8,55.6,4.6,27.9,1.3,13.1,,70.4,11.9,8.7,57.3,N-HIV
340069,WakeMed Raleigh Campus,Raleigh,NC,93,44.2,73.6,7.4,51.2,4,15.5,,41.6,7.6,,69.2,N-HIV
340091,Cone Health,Greensboro,NC,221,34.8,67.6,6.1,27.6,0.9,6.3,,53.1,8.4,5,66.6,N-HIV
340113,Carolinas Med Ctr-Charlotte,Charlotte,NC,283,26.3,57.5,4.9,37.4,1.9,11.5,4.1,63.5,9.9,9.2,69.9,N-HIV
340114,Rex Healthcare,Raleigh,NC,212,30.8,62.5,5.2,32.1,1.5,8.2,8.3,64,9.8,10.4,70,N-HIV
340115,FirstHealth Moore Regional Hosp,Pinehurst,NC,186,24.1,58.9,5,17.2,0.5,6.1,,62.5,11.2,,69.4,N-HIV
340126,Wilson Medical Center,Wilson,NC,89,27.9,68.5,5.2,33.4,2.1,,,54.9,6.2,,51.9,N-HIV
340131,CarolinaEast Medical Center,New Bern,NC,148,32.3,59.5,5.3,30.5,1.6,,,57.5,10.2,,65,N-HIV
340141,New Hanover Regional Med Ctr,Wilmington,NC,237,17.5,58.9,4,19.9,0.7,10.5,4.4,73.1,12.3,8.8,60.5,N-HIV
340147,Nash Health Care Systems,Rocky Mount,NC,109,30,67.3,5.7,37.6,1.8,12.5,,50.4,7.9,,60,N-HIV
340155,Durham Regional Hospital,Durham,NC,87,31.4,67.2,6.3,19,1,,14.3,55.5,6.5,16.2,64.8,N-HIV
350006,Trinity Health,Minot,ND,81,26.2,67.5,4.6,23.6,0.6,,,51.6,5.2,14.1,37.6,N-HIV
350011,Sanford Medical Center Fargo,Fargo,ND,154,40.2,64.9,6.6,22.7,0.7,10.6,,46.1,8,7,63.3,N-HIV
360006,Riverside Methodist Hospital,Columbus,OH,221,19.8,60.7,4.2,27,0.9,8,4.9,66.3,10.7,10.4,69.3,N-HIV
360008,Southern Ohio Medical Center,Portsmouth,OH,84,,59.1,4.4,24.6,0.9,,,74.8,9.7,20.2,47,N-HIV
360016,The Jewish Hospital,Cincinnati,OH,92,22.1,66.3,5.5,41.5,2.8,,,68.6,9.4,14.2,54.9,N-HIV
360020,Summa Health System,Akron,OH,150,28.6,61.7,5.4,28.4,1.5,11.7,,66.6,10.9,11.5,66.4,N-HIV
360025,Firelands Regional Health System,Sandusky,OH,85,15.4,59.2,4.6,18.8,0.6,,,82.5,11.4,16.4,61.3,N-HIV
360027,Akron General Medical Center,Akron,OH,136,12.2,54,4.4,21.8,0.7,,,73.6,9.4,15.7,61.7,N-HIV
360035,Mount Carmel-Columbus,Columbus,OH,162,23.7,64.1,4.7,31.4,1.4,10.4,,61.6,9.3,8.1,67,N-HIV
360039,Genesis HealthCare System,Zanesville,OH,99,22,68,4.3,19.9,0.5,12.2,,65.1,8.3,17,58.2,N-HIV
360041,Parma Community General Hospital,Parma,OH,108,17.7,62.4,4.8,38.6,1.9,12.4,,67.4,9.1,11.3,65.4,N-HIV
360051,Miami Valley Hospital,Dayton,OH,165,21,66.2,6,44.3,3.6,14.1,8.3,69.7,9.6,13.3,66.2,N-HIV
360052,Good Samaritan Hospital-Dayton,Dayton,OH,90,15.3,68.8,6.2,54.9,4,11.5,13.5,77.7,9.2,20.6,67.2,N-HIV
360056,Mercy Hospital Fairfield,Fairfield,OH,89,18.3,74.9,4.5,30.6,0.8,,,81.1,9.3,19.6,60.7,N-HIV
360064,St. Elizabeth Hlth Ctr-Youngstown,Youngstown,OH,88,20.1,66.6,5.3,49.4,2.8,13.2,,68.1,9.5,12.8,72.7,N-HIV
360066,St. Rita's Medical Center,Lima,OH,111,20.6,66.4,4.2,28.3,1.1,12.8,,65.5,8.7,12.5,56.4,N-HIV
360068,The Toledo Hospital,Toledo,OH,112,15.1,51.4,4.5,33.8,1.9,9.8,,75.1,12.2,11.8,74.8,N-HIV
360077,Fairview Hospital,Cleveland,OH,137,20.2,63.2,5,40.9,2.8,9.2,,63.9,9.7,12.2,65.6,N-HIV
360079,Kettering Medical Center,Kettering,OH,114,14.1,65.1,5.1,27.5,1,13.8,9.6,76.7,10.3,15.7,64.9,N-HIV
360084,Aultman Hospital,Canton,OH,127,41.7,66.8,6.1,40.1,2.3,,,41.6,6.6,,62.6,N-HIV
360086,Springfield Regional-High Street,Springfield,OH,94,19.1,71.3,5.7,54.1,3.3,15.2,,58.2,8,16,45.1,N-HIV
360098,Lake Health,Concord,OH,104,20.6,69.1,4.6,23,1,12.3,,67.6,9.5,16.3,65.4,N-HIV
360118,MedCentral - Mansfield Hospital,Mansfield,OH,96,26.1,61.5,5.2,39.9,2.7,,,58.5,7.7,,64.2,N-HIV
360137,Univ Hosps Case Med Ctr,Cleveland,OH,237,16.5,53.3,4.6,29,1.3,8.6,4.9,75.9,11.6,13.3,62.2,N-HIV
360155,Southwest General Health Center,Middleburg Heights,OH,119,15,71.8,5.6,40.2,1.9,12.2,,76.5,9,21.6,74.6,N-HIV
360163,Christ Hospital,Cincinnati,OH,112,19.4,69,6.4,36.1,2.6,10.9,,72.4,9.1,13.8,69.2,N-HIV
360172,Mercy Regional Medical Center,Lorain,OH,82,,63.3,4.9,41.8,1.8,,,77.9,9.7,20.8,64.9,N-HIV
360179,Bethesda North Hospital,Cincinnati,OH,112,,60,3.4,28.7,0.8,,,90.7,11.4,15.7,60,N-HIV
360180,Cleveland Clinic Foundation,Cleveland,OH,292,31.2,57.5,6.2,26.5,1.4,11.2,,60.2,9.6,7.1,73.2,N-HIV
360230,Hillcrest Hospital,Mayfield Heights,OH,151,19.5,65.4,5.8,26.6,1.3,12.3,,68,9.5,14,73.9,N-HIV
360242,James Cancer Hosp/Solove Res Inst,Columbus,OH,253,20.6,58.5,5.3,27.3,1.5,13.2,4,62.2,8.5,10.9,57.5,N-HIV
360276,St. Elizabeth Boardman Hlth Ctr,Boardman,OH,87,,69.7,4.8,,,,,73.1,7.6,22.1,58.2,N-HIV
370001,Hillcrest Medical Center,Tulsa,OK,95,28.9,67.2,5.8,24.4,1,,,69.1,10.1,12.7,67.1,N-HIV
370008,Norman Regional Health System,Norman,OK,109,33.7,69.8,6.8,32.8,1.8,,,56.5,8.2,,52.7,N-HIV
370013,Mercy Health Center-Oklahoma City,Oklahoma City,OK,188,36,70.1,6.3,21.8,1,6.4,6.8,58.9,8.3,9.8,50.7,N-HIV
370028,Integris Baptist-Oklahoma City,Oklahoma City,OK,175,24.7,67.3,5.1,27,1.3,8.5,6,63,8.5,11.7,47.7,N-HIV
370056,Comanche County Memorial Hosp,Lawton,OK,83,34.7,67.3,5.9,19.6,0.7,,13.1,43,7,,41,N-HIV
370091,St. Francis Hospital,Tulsa,OK,223,32,66,6,25.2,1,10.1,8.2,63.3,9.5,12.6,55.1,N-HIV
370093,OU Medical Center,Oklahoma City,OK,92,39.4,48.9,3.5,23.9,1,,,56.4,11,,45.4,N-HIV
370094,Midwest Regional Medical Center,Midwest City,OK,89,20.7,69.4,6.4,25,1.1,,,67.5,8.5,13.7,47.7,N-HIV
370114,St. John Medical Center-Tulsa,Tulsa,OK,197,34.2,68.2,5,30.7,1.3,11.6,8.5,58.6,9.6,6.4,53.1,N-HIV
380004,Providence St. Vincent Med Ctr,Portland,OR,114,29.4,56.1,4.1,17.3,0.5,,,58.7,10.6,,44,N-HIV
380009,OHSU Hospital,Portland,OR,92,16,49.5,4.8,23.8,1.1,,,76,11.5,12.5,56.5,N-HIV
380018,Rogue Valley Medical Center,Medford,OR,99,19.9,56.9,3.3,10.9,0.3,,,72.1,12.4,,45.2,N-HIV
380061,Providence Portland Med Ctr,Portland,OR,89,23.4,54.1,4.1,16.9,0.4,,,67.3,11.3,,51.2,N-HIV
380102,Sacred Heart Med Ctr at RiverBend,Springfield,OR,134,30.9,56.5,4.1,25,1.1,,7.7,62.5,10.3,,40,N-HIV
390006,Geisinger Medical Center,Danville,PA,121,25.2,64.4,4.5,28.5,0.9,,,58.7,10,9.6,68.2,N-HIV
390044,Reading Hospital and Med Ctr,Reading,PA,188,15.9,65.3,4.8,13.6,0.5,7.6,,60.4,7.8,14.1,84.8,N-HIV
390046,York Hospital,York,PA,197,26.5,64,5.7,26.8,1.5,11.4,,50,7.3,8,71.4,N-HIV
390049,St. Luke's Hosp - Bethlehem Campus,Bethlehem,PA,226,11.5,60.7,5,43.3,2.5,9.8,10.4,76.5,9.8,18.4,83.1,N-HIV
390050,Allegheny General Hospital,Pittsburgh,PA,83,16.6,69.1,6.6,51,3.1,14.3,,74.4,7.9,25.3,79.5,N-HIV
390063,UPMC Hamot,Erie,PA,86,17.7,51.3,4.3,20.9,0.5,,,58.8,9.9,,67.7,N-HIV
390067,Pinnacle Health System,Harrisburg,PA,119,33.8,78,5.6,24.4,0.9,10.6,,56,7,,74.3,N-HIV
390079,Robert Packer Hospital,Sayre,PA,118,26.7,59.9,4.7,15.8,0.7,,,51.1,8.3,,56.1,N-HIV
390100,Lancaster General Health,Lancaster,PA,238,19.4,57.8,4.8,36.4,1.9,,,70.1,12.6,8.2,75,N-HIV
390107,UPMC Passavant,Pittsburgh,PA,83,19.5,63.1,5.7,21.9,1.2,,,56.7,5.5,14.5,80.5,N-HIV
390111,Hosp of the Univ of Pennsylvania,Philadelphia,PA,194,26.5,64.1,6.7,35,1.9,15.3,5.4,68.2,8.4,18.9,77.5,N-HIV
390115,Aria Health,Philadelphia,PA,117,15.7,69.9,5.2,51.9,2.8,,,76.9,8.8,17.1,77.2,N-HIV
390133,Lehigh Valley Hosp-Allentown,Allentown,PA,280,19.3,58.8,4.6,18.8,0.6,4.9,,67.4,10.5,13.2,82.9,N-HIV
390137,Wyoming Valley Health Care Sys,Wilkes-Barre,PA,184,18.9,60.9,5.1,20.6,0.7,,10.5,65.9,7.5,15.3,66.3,N-HIV
390139,Bryn Mawr Hospital,Bryn Mawr,PA,91,25.3,64.4,4.9,48,2.7,,,63,8.8,,85.9,N-HIV
390142,Albert Einstein Medical Center,Philadelphia,PA,83,31.9,63.7,4.6,31.4,1,11.6,,60.5,8.6,,77.4,N-HIV
390145,Excela Westmoreland Reg Hosp,Greensburg,PA,81,17.6,69.6,6.6,23.8,1.3,,,64.5,6.1,20.9,77.4,N-HIV
390151,Chambersburg Hospital,Chambersburg,PA,91,28.1,75.4,4.8,42.4,1.3,,,37,4.9,,70,N-HIV
390153,Paoli Hospital,Paoli,PA,109,16.6,66.6,4.8,54.2,3,,,70.8,10.6,12.8,76.6,N-HIV
390162,Easton Hospital,Easton,PA,88,35.2,72,7.5,56.7,3.3,13,,37.5,4.8,,75.6,N-HIV
390164,UPMC Presbyterian,Pittsburgh,PA,254,25.9,63.4,5.5,30.5,1.4,10.6,4.6,62.8,8.2,14.4,76.8,N-HIV
390174,Thomas Jefferson University Hosp,Philadelphia,PA,216,27,59.2,6.2,44.1,3.6,17.2,,63.1,9.2,13.5,85.9,N-HIV
390179,Chester County Hospital,West Chester,PA,86,24.5,62.1,4.9,39.7,2.1,,,67.2,10,,71.6,N-HIV
390180,Crozer-Chester Medical Center,Upland,PA,118,27.1,73.9,6,59.7,3.8,10.3,11.3,69.6,7.7,19.9,84.2,N-HIV
390195,Lankenau Medical Center,Wynnewood,PA,118,24.3,71,6.2,44.7,3.3,11.1,,59.9,6.8,17.7,73.4,N-HIV
390196,Fox Chase Cancer Center,Philadelphia,PA,113,28.4,66.6,6,35.9,1.7,,,64.7,10.2,,77.9,N-HIV
390201,Pocono Medical Center,East Stroudsburg,PA,112,16.8,63.4,4,39.8,1.5,,,76.3,10.1,20.7,64.3,N-HIV
390222,Riddle Hospital,Media,PA,84,23.3,70.7,5.4,35.8,1.7,,,66.9,7.9,14.4,84.9,N-HIV
390231,Abington Memorial Hospital,Abington,PA,184,18.1,59.1,5,34.4,1.7,8.3,8.3,76.1,9.8,13.8,81.9,N-HIV
390237,Regional Hospital of Scranton,Scranton,PA,99,17.8,62.6,4.9,,,,,71,8.8,13.8,79.4,N-HIV
390256,Penn St Milton S. Hershey Med Ctr,Hershey,PA,141,28.6,68.8,5.8,48.7,2.4,15.6,,58.5,8.9,,63.8,N-HIV
390258,St. Mary Medical Center,Langhorne,PA,140,25.7,64.3,5.5,53.9,3.3,,9.3,66.9,9.5,13.6,75.5,N-HIV
390263,Lehigh Valley Hosp-Muhlenberg,Bethlehem,PA,129,23.4,72.1,5.8,27.9,0.9,,,66.2,7.1,18,88.9,N-HIV
410007,Rhode Island Hospital,Providence,RI,157,32.3,68.1,5.6,29,1.6,13.7,,60.7,7.9,14.9,65.9,N-HIV
410009,Kent County Memorial Hospital,Warwick,RI,86,26.7,66.5,5.1,,,,,71.9,9.6,22.1,65.5,N-HIV
410012,Miriam Hospital,Providence,RI,127,23.2,63.4,5.4,17,0.5,11.9,,76.6,10.8,11.7,77.2,N-HIV
420002,Piedmont Medical Center,Rock Hill,SC,91,23.6,68.8,5.5,27.8,1.8,,,71,10.1,,73.6,N-HIV
420004,MUSC Medical Center,Charleston,SC,140,24.6,56,4.4,49.1,2.6,11.4,,61.1,10.5,,60.1,N-HIV
420007,Spartanburg Regional Med Ctr,Spartanburg,SC,171,25.2,62.9,4.2,23.4,1.1,6.1,7.7,66.5,10.9,10.6,60.9,N-HIV
420018,Palmetto Health Richland,Columbia,SC,128,26.2,65.3,6,30.9,1.4,13.1,10.5,65.2,8.2,18.8,52.5,N-HIV
420023,Bon Secours St. Francis-Greenville,Greenville,SC,134,17.6,64.8,5,19.3,0.6,9.6,10.5,78.4,11.9,,73.3,N-HIV
420027,AnMed Health Medical Center,Anderson,SC,104,26.8,60.7,5,38.4,1.8,,,57.9,8.6,,42,N-HIV
420051,McLeod Regional Med Ctr-Florence,Florence,SC,159,28,67.9,6,27.7,1.5,6.7,,64.2,10.4,8,49.4,N-HIV
420070,Tuomey Healthcare System,Sumter,SC,102,43.3,76.2,8.4,19,1,11.8,,38.1,4.6,12.1,31.1,N-HIV
420071,Self Regional Healthcare,Greenwood,SC,100,20.8,56.3,3.9,21.7,0.5,10.1,,69.5,10.6,12.8,45,N-HIV
420073,Lexington Medical Center,West Columbia,SC,158,34.3,59.5,5,27.8,1.2,,9,60.3,10.1,9.5,41.2,N-HIV
420078,Greenville Memorial Hospital,Greenville,SC,218,23.5,54.3,5.1,25.9,0.8,6.8,12.5,66.9,11.2,11.4,77.6,N-HIV
420079,Trident Medical Center,Charleston,SC,142,44.5,74.6,7.1,36,2.1,12.8,8.5,46.6,5.9,,58.9,N-HIV
420085,Grand Strand Regional Med Ctr,Myrtle Beach,SC,122,39.9,71.4,5.9,34,1.2,11,,50.8,8.5,,65.7,N-HIV
420086,Palmetto Health Baptist,Columbia,SC,84,16.8,56.8,4.8,14.7,0.9,,,77,9.5,19.1,37.9,N-HIV
420087,Roper Hospital,Charleston,SC,175,34.2,64.1,7.1,30.5,1.7,10,8.1,58.6,7.4,16.6,68.1,N-HIV
420091,Carolinas Hospital System,Florence,SC,80,31.7,59.6,5.3,23.6,1.6,,,63.2,11.6,,42.1,N-HIV
430016,Avera McKennan Hospital,Sioux Falls,SD,125,15.2,60.4,4.9,20.3,0.5,11.1,,71,11.2,13.2,59.7,N-HIV
430027,Sanford University of SD Med Ctr,Sioux Falls,SD,162,27.9,66.4,5.9,30.4,1.5,,7.6,57,7.7,15.7,65.8,N-HIV
430077,Rapid City Regional Hospital,Rapid City,SD,104,30.8,55.1,5.2,27,1.6,,,51.5,7.9,,49.2,N-HIV
440002,Jackson-Madison Cty General Hosp,Jackson,TN,218,22.1,63.7,4.7,43.4,2.6,8.6,7.3,67.7,9.7,10,62.1,N-HIV
440012,Wellmont Bristol Reg Med Ctr,Bristol,TN,82,15,69.8,5.4,39.5,2,,,74.8,9.9,16.7,67.2,N-HIV
440015,University of Tennessee Med Ctr,Knoxville,TN,139,29.4,67,5.4,21.4,0.6,10.1,,57.7,9.8,7.9,66.4,N-HIV
440017,Wellmont Holston Valley Med Ctr,Kingsport,TN,86,22.3,67.9,5,40.6,2.2,,,61.1,7.6,13.9,75.7,N-HIV
440034,Methodist Med Ctr of Oak Ridge,Oak Ridge,TN,111,34.2,65.7,6.1,23.2,1.3,,,44.2,7,,59.3,N-HIV
440039,Vanderbilt University Med Ctr,Nashville,TN,207,22.6,63.1,5.8,38.8,2.8,11.9,,62.3,8.7,12.2,71.1,N-HIV
440048,Baptist Memorial Hosp-Memphis,Memphis,TN,358,29.8,63,6,32,2.2,13.9,13.1,58.5,7.6,14.8,65.4,N-HIV
440049,Methodist Healthcare-Memphis Hosps,Memphis,TN,346,27.7,63.5,5.9,26.1,1.4,11.8,10.6,66.4,10.8,8,65.8,N-HIV
440059,Cookeville Regional Med Ctr,Cookeville,TN,117,32.6,70.5,5.5,29.8,1.1,,,41.8,4.4,11.1,43.5,N-HIV
440063,Johnson City Medical Center,Johnson City,TN,151,35.7,62.7,5.5,37.8,2.5,10.4,7.3,53.2,8,7.2,78.3,N-HIV
440073,Maury Regional Hospital,Columbia,TN,108,17.4,68.4,4.7,26.1,1,11.7,,44.2,5.8,10.3,58.2,N-HIV
440082,St. Thomas Hospital,Nashville,TN,133,15.8,64.4,4.7,46.2,2.2,10,,67.5,9.1,21.6,60.3,N-HIV
440091,Memorial Health Care System,Chattanooga,TN,231,11.6,54.2,3.7,15.8,0.5,5.4,,84.2,13.9,10.9,45.2,N-HIV
440104,Erlanger Medical Center,Chattanooga,TN,108,22.6,57.6,4.6,24.3,1,10.8,,66.8,11.1,10.8,56.1,N-HIV
440120,Mercy Medical Center St. Mary's,Knoxville,TN,131,23.6,72.1,4.7,36,1.7,,,58.1,8,,69.5,N-HIV
440125,Fort Sanders Regional Med Ctr,Knoxville,TN,103,33.8,64.2,5.2,17.7,0.6,,12.4,50.7,8.2,,67.7,N-HIV
440133,Baptist Hospital-Nashville,Nashville,TN,98,21.2,62.5,4.2,31.5,1.2,,,70.3,10.4,,39.7,N-HIV
440156,Parkridge Medical Center,Chattanooga,TN,87,23,62.2,5.1,23.1,0.8,,,66.9,10.9,14.5,59.4,N-HIV
440161,Centennial Med Ctr-Nashville,Nashville,TN,155,30.2,70.6,6.6,32.3,1.5,12.3,6.9,51.9,7.5,9.2,62,N-HIV
440173,Parkwest Medical Center,Knoxville,TN,115,28.1,58.6,4,35.3,1.6,,,56.9,7.8,10.4,59,N-HIV
440183,St. Francis Hospital-Memphis,Memphis,TN,102,33.1,67.3,6.2,38.8,2.5,10.5,,55.2,7.5,,72.4,N-HIV
450002,Providence Memorial Hosp-El Paso,El Paso,TX,85,21.3,51.2,4.1,27.1,1.6,,,68.6,11.8,14,53.7,N-HIV
450010,United Regional Health Care Sys,Wichita Falls,TX,112,16.6,63.4,4.3,34,1.7,,10.8,72,11.6,13.2,45.3,N-HIV
450011,St. Joseph Regional Hlth Ctr-Bryan,Bryan,TX,108,18,64,4.2,38.4,1.9,10.6,,69.9,10.6,15.8,59.2,N-HIV
450021,Baylor University Medical Center,Dallas,TX,318,26.4,64.7,5.5,34.3,2.1,9.2,5.7,69.4,9.3,12.6,62.9,N-HIV
450023,Citizens Medical Center,Victoria,TX,97,33.7,64.8,6.1,32.4,1.9,,13.2,58.1,9.9,,44.4,N-HIV
450033,Valley Baptist Med Ctr-Harlingen,Harlingen,TX,115,27.1,77.3,6.6,50.9,3,20.4,,56.7,6,15.9,56.1,N-HIV
450034,CHRISTUS Hospital-St. Elizabeth,Beaumont,TX,205,25.2,65.9,5.5,22.4,0.9,11.4,9.7,68,9.7,14,59.8,N-HIV
450037,Good Shepherd Med Ctr-Longview,Longview,TX,129,22.6,65.3,5.4,35.5,2.1,9.5,,71,10.7,9.4,53.1,N-HIV
450040,Covenant Medical Center-Lubbock,Lubbock,TX,234,19.3,60.5,5.1,36.8,2.4,10.8,4.8,71.9,10.2,16,53.7,N-HIV
450042,Providence Health Center-Waco,Waco,TX,87,20.3,69.7,4.4,29.4,0.9,13.3,,78.9,9.5,28,41.1,N-HIV
450044,UT SW Med Ctr-St. Paul,Dallas,TX,98,37.1,70.3,5.9,28.7,1,13.7,,55.7,6.3,13.8,62.9,N-HIV
450046,CHRISTUS Spohn Corpus Christi Mem,Corpus Christi,TX,180,26.2,70.7,6,27,1.1,12.5,10,57.3,8.4,8.4,67.4,N-HIV
450051,Methodist Dallas Medical Center,Dallas,TX,122,32.9,66,5.2,26.6,1.3,13.7,,62.5,9.4,9.6,76,N-HIV
450054,Scott & White Memorial Hospital,Temple,TX,156,22.2,66.8,4.4,15.5,0.4,11.7,,66.6,9.9,10.2,57.2,N-HIV
450056,Seton Medical Center Austin,Austin,TX,185,17.8,62.8,4.5,36.3,1.6,7,7.7,76.5,11,14.6,65,N-HIV
450058,Baptist Health System-San Antonio,San Antonio,TX,198,27.8,72.1,5.7,51.9,3.2,14,10.4,63.1,9,6.4,66.8,N-HIV
450064,Texas Health Arlington Mem Hosp,Arlington,TX,107,17.2,70.7,6.3,31.1,1.9,13.2,14.8,77.2,9.3,19.1,69.8,N-HIV
450068,Memorial Hermann - Texas Med Ctr,Houston,TX,84,37.5,59.8,3.9,49.1,2.2,17.5,,50.2,8,,68.4,N-HIV
450076,U of TX M.D. Anderson Cancer Ctr,Houston,TX,643,24.5,60.9,5.7,46.1,3.9,9.6,7.5,64.6,9.2,9,84,N-HIV
450083,East Texas Med Ctr-Tyler,Tyler,TX,144,21.5,64.4,5.1,41.1,2.3,10,8.3,69.8,10.8,8.5,54.3,N-HIV
450102,Mother Frances Hosp - Tyler,Tyler,TX,186,20,60.5,5.2,47.6,3.5,8.8,7.6,71.8,10.6,11.3,54.4,N-HIV
450107,Las Palmas Del Sol Healthcare,El Paso,TX,101,30.8,70.9,5.5,38.9,1.8,12.9,,58.3,7.9,11.8,58.5,N-HIV
450132,Medical Center Hlth Sys-Odessa,Odessa,TX,124,23.7,62.5,5.2,39,2.1,15.5,,65,8.3,14.6,34.6,N-HIV
450133,Midland Memorial Hospital,Midland,TX,81,,52.6,3.5,27.9,0.7,,,77.1,10.2,15.9,36.6,N-HIV
450135,TX Hlth Harris Meth-Fort Worth,Fort Worth,TX,196,21.2,66.4,5.4,31.4,1.6,10.2,9.1,71.9,9.2,17,67.8,N-HIV
450137,Baylor All Saints-Fort Worth,Fort Worth,TX,144,16,66.2,5.2,27.9,1.3,11.8,,76.9,10.4,14.6,63.2,N-HIV
450184,Memorial Hermann Northwest Hosp,Houston,TX,265,18.2,67.7,5.2,32.7,1.5,10,6,68.6,7.8,15.5,71.7,N-HIV
450193,St. Luke's Episcopal Hospital,Houston,TX,121,28.9,63.2,5.7,33.9,1.9,14.7,,60.5,7.6,13.5,73.9,N-HIV
450211,Memorial Hlth Sys of East Texas,Lufkin,TX,84,20.1,78.5,5.5,56.9,2.7,,,65.8,8.7,,51,N-HIV
450222,Conroe Regional Medical Center,Conroe,TX,80,20.9,64.6,5.4,23.1,1,15.4,,68.2,10.7,,65.3,N-HIV
450229,Hendrick Health System,Abilene,TX,171,18.2,68,5.7,22.9,0.9,9.7,5.8,76.5,8.4,21.4,39.9,N-HIV
450231,Baptist St. Anthony Health Sys,Amarillo,TX,171,11.7,56.6,3.8,22.6,0.7,,6.1,81.8,12,12.7,31.2,N-HIV
450237,CHRISTUS Santa Rosa Health Care,San Antonio,TX,139,19.5,69.8,4.7,29.8,1.2,8.8,14.3,72,10.2,17.8,63.7,N-HIV
450358,The Methodist Hospital-Houston,Houston,TX,224,27.3,62,6.1,33.1,1.7,14,6.5,65.1,8.5,13.2,78,N-HIV
450388,Methodist Hospital-San Antonio,San Antonio,TX,441,23.5,67.6,5.6,42.9,2.5,13.6,12.2,65.7,9.2,12.4,65.1,N-HIV
450462,TX Hlth Presbyterian-Dallas,Dallas,TX,157,25.8,58.7,4.2,22.1,1,7.5,,64.2,10.3,7.5,60,N-HIV
450469,TX Hlth Presbyterian-WNJ,Sherman,TX,91,25.2,63.7,5.7,30.3,1.4,16.2,,58.1,6.3,18.7,58.2,N-HIV
450610,Memorial Hermann Memorial City,Houston,TX,147,19.8,70.3,4.5,36.5,1.3,10.2,10.1,74.2,9.3,15.8,61.6,N-HIV
450617,Clear Lake Regional Medical Ctr,Webster,TX,111,26.3,60.4,6.2,44.3,3.6,15.4,,53.1,7.6,,68.7,N-HIV
450647,Medical City Dallas Hospital,Dallas,TX,134,42.4,66.5,7.3,31.3,2,14.6,10,43.3,5.8,,55.4,N-HIV
450651,Medical Center of Plano,Plano,TX,100,36.6,74.3,6.6,50.1,3.2,15.6,,56.5,7.6,10.7,72.3,N-HIV
450668,Sierra Medical Center,El Paso,TX,109,30.3,68,5.6,27.3,1.6,,10,63.4,8,14.5,53.4,N-HIV
450686,University Med Ctr-Lubbock,Lubbock,TX,101,21.1,70,5.3,28.1,1,,,68.6,9.9,13.1,44.1,N-HIV
450713,St. David's South Austin Med Ctr,Austin,TX,136,21.1,69.6,5.5,31.3,1.3,9.7,8.8,70.2,10.4,13.2,68.7,N-HIV
450723,Methodist Charlton Med Ctr,Dallas,TX,83,35.7,77.4,5.5,31,1.2,20.2,,64,7.8,,70.7,N-HIV
450788,Corpus Christi Medical Center,Corpus Christi,TX,87,25.8,64.7,5.6,28,0.8,,13,57.1,8.3,,48.5,N-HIV
450801,CHRISTUS St. Michael Health Sys,Texarkana,TX,136,23.6,68,5.3,32.9,2.2,,,63.3,8.9,8.3,39.5,N-HIV
450869,Doctor's Hospital at Renaissance,Edinburg,TX,99,35,77.5,6.4,59.7,4.2,21.3,,40.9,5.9,,78.9,N-HIV
460009,University of Utah Health Care,Salt Lake City,UT,119,20.8,58.5,4.4,22.2,1.2,,,63.2,9.2,10.5,53.7,N-HIV
470003,Fletcher Allen Health Care,Burlington,VT,175,26.7,60.7,5,14.2,0.4,10.6,,47.7,6.6,6.1,61.6,N-HIV
490004,Rockingham Memorial Hospital,Harrisonburg,VA,92,38.8,57.9,5.2,22,0.7,,,44.1,8.9,,63.4,N-HIV
490005,Winchester Medical Center,Winchester,VA,204,32.7,63,4,8.6,0.1,6.9,,59.7,10.2,6.2,45.7,N-HIV
490007,Sentara Norfolk General Hospital,Norfolk,VA,127,34.2,59.4,5.3,39.6,2.1,12.9,,47.7,9,,70.9,N-HIV
490009,University of Virginia Med Ctr,Charlottesville,VA,170,32.5,65.5,5.6,34.7,1.8,15.6,6.3,48.1,7.2,8.2,60.6,N-HIV
490017,Bon Secours-Maryview Med Ctr,Portsmouth,VA,90,23.3,59.9,4.4,14.8,0.4,,,70.7,9.9,13.9,70.2,N-HIV
490018,Augusta Health,Fishersville,VA,89,29,61.3,4.3,12.2,0.2,,,53.5,7.8,,61.6,N-HIV
490021,Centra Lynchburg General Hosp,Lynchburg,VA,233,29.8,60.8,4.6,21.6,0.8,6.4,5,56.1,10.2,4.7,50.3,N-HIV
490022,Mary Washington Hospital,Fredericksburg,VA,181,36.8,72.2,6.5,27.7,1.2,8.1,7.5,56.8,8.1,12.7,80.9,N-HIV
490024,Carilion Medical Center,Roanoke,VA,195,36.3,67.1,5.6,37.1,2.2,11.6,7.4,46.3,7.1,7.1,66.5,N-HIV
490032,VCU Health System,Richmond,VA,109,32.4,68.9,6.2,33.4,2.1,8.6,,53.7,9,,72,N-HIV
490040,Inova Alexandria Hospital,Alexandria,VA,81,41.2,69.5,6.4,52.8,3,16.3,,52.5,6.7,,78.1,N-HIV
490044,Sentara Obici Hospital,Suffolk,VA,87,38.9,74.8,6.5,43.2,3,,,41.3,5.6,,69,N-HIV
490046,Sentara Leigh Hospital,Norfolk,VA,113,45.5,71,5.8,30.4,1.3,,10.9,36.7,6.7,,72.3,N-HIV
490048,Lewis-Gale Medical Center-Salem,Salem,VA,145,25.5,62.3,4.6,17.5,0.4,,9.2,50,7.9,,57.6,N-HIV
490050,Virginia Hosp Center - Arlington,Arlington,VA,96,14.4,64.8,4.6,20.5,0.6,,,81.6,10.8,18.3,78.6,N-HIV
490052,Riverside Regional Med Ctr,Newport News,VA,120,32.8,62.1,5.1,27.5,1.2,,10.2,52.9,7.9,,67.8,N-HIV
490057,Sentara Virginia Beach General,Virginia Beach,VA,147,36.7,65.9,6.6,28.4,1.5,8.2,,43.8,7.3,,84.7,N-HIV
490059,Bon Secours-St. Mary's Hospital,Richmond,VA,155,26.2,59.4,5.1,23.7,1,10.6,,62.9,8.9,11.2,69.7,N-HIV
490063,Inova Fairfax Hospital,Falls Church,VA,266,31.3,60.7,5.5,40.8,2.6,12,4.8,63.1,9.7,9.9,81.4,N-HIV
490066,Sentara Williamsburg Reg Med Ctr,Williamsburg,VA,102,20.7,60.5,4.5,30.4,1.3,,9.8,67.6,10,15.7,67.5,N-HIV
490069,Bon Secours-Memorial Reg Med Ctr,Mechanicsville,VA,129,26.9,65.5,4.5,13.8,0.5,9.9,8.9,56.3,9,,60.8,N-HIV
490075,Danville Regional Medical Center,Danville,VA,87,47.5,75.7,6.3,35.6,1.6,17.6,,22.2,3.9,,68.4,N-HIV
490077,Martha Jefferson Hospital,Charlottesville,VA,112,27.2,68.1,4.5,15,0.4,11.5,,54.9,9.6,,55.1,N-HIV
490093,Sentara CarePlex Hospital,Hampton,VA,117,29.7,67.6,5.4,49.5,3.1,10.3,,51.8,7.6,9.8,60.7,N-HIV
490112,CJW Medical Center,Richmond,VA,233,31.8,71.3,6,38.8,1.8,14.2,9.9,61.3,8.4,12.4,77.9,N-HIV
490118,Henrico Doctors' Hospital,Richmond,VA,142,17.6,65.4,5.7,24.5,1.5,,,65.6,8.8,14.2,63.3,N-HIV
490120,Chesapeake Regional Med Ctr,Chesapeake,VA,114,26.3,63.2,5.1,21.3,1,,,56,8.8,,68.1,N-HIV
500001,Northwest Hospital & Med Ctr,Seattle,WA,100,26.6,62.5,4.1,29.9,1.3,,,58.7,9.7,,56.7,N-HIV
500005,Virginia Mason Medical Center,Seattle,WA,113,26.8,51.9,4.3,30.8,1.2,10.2,,48.4,7.8,,72.9,N-HIV
500008,University of Washington Med Ctr,Seattle,WA,105,30.5,53.3,4.3,23.5,1,,,55.7,10.8,,61.5,N-HIV
500014,Providence Reg Med Ctr Everett,Everett,WA,124,24.7,62.9,4.7,35,1.6,,7.7,61.1,9,10.9,70.3,N-HIV
500016,Central Washington Hospital,Wenatchee,WA,80,31.2,68.8,4.4,40.1,1.5,,,58.8,9,,51.9,N-HIV
500024,Providence St. Peter Hospital,Olympia,WA,137,37.4,61.8,4.4,53,2.6,,10.8,39.8,7.8,,54.3,N-HIV
500027,Swedish Health Services,Seattle,WA,199,32.8,60.2,5.3,28,1.7,9.7,9.7,47.7,7.7,,60.3,N-HIV
500036,Yakima Valley Memorial Hospital,Yakima,WA,124,23,60.6,4.9,21.9,0.9,,10,61.4,9,,50,N-HIV
500039,Harrison Medical Center,Bremerton,WA,133,28.1,64,4.8,9.4,0.4,8.7,9.9,57.1,6.8,13.1,51.7,N-HIV
500044,Deaconess Medical Center,Spokane,WA,90,21,57.7,4.8,31.1,1,,,60.9,9.4,,62,N-HIV
500050,PeaceHealth Southwest Med Ctr,Vancouver,WA,100,12.3,63.2,4.2,23.4,0.7,,,81.3,11.2,17.7,58.9,N-HIV
500051,Overlake Hospital Medical Center,Bellevue,WA,104,28.7,59.7,3.8,25.6,1.2,,,61,8.9,,56,N-HIV
500054,Providence Sacred Heart Med Ctr,Spokane,WA,106,24.2,61.5,5.1,15.4,0.6,,,57.7,8.4,,65.4,N-HIV
500058,Kadlec Medical Center,Richland,WA,92,15.1,66.8,4.6,21.4,0.8,,,70.2,9.6,16.2,56,N-HIV
500072,Olympic Medical Center,Port Angeles,WA,86,21.6,62.6,3.1,19.3,0.4,,,16.4,2.2,,29.3,N-HIV
500077,Providence Holy Family Hospital,Spokane,WA,87,22,60.9,4.1,18.3,0.7,,,64.2,8.9,12.1,49.2,N-HIV
500079,Multicare Good Samaritan Hosp,Puyallup,WA,128,28.6,71.3,5.4,30.1,0.8,8.7,8.7,54.5,7.2,11.2,62.1,N-HIV
500088,Valley Medical Center-Renton,Renton,WA,106,30.4,69,5,36.7,1.6,,10.2,42.3,5.5,,71.9,N-HIV
500108,St. Joseph Medical Center,Tacoma,WA,116,20.7,60.7,5.2,39.7,2,,,67.5,9.8,13.1,68.1,N-HIV
500129,Tacoma General Hospital,Tacoma,WA,108,27.5,62.1,4.5,34.3,1.3,11.9,,63.2,10.5,12,69.1,N-HIV
510001,West Virginia University Hosps,Morgantown,WV,116,23,55.4,5.6,45.3,3.1,,,58.5,9.6,,56,N-HIV
510006,United Hospital Center,Bridgeport,WV,81,30.6,62.5,5.8,20.3,0.8,,,53.4,8.1,,40.3,N-HIV
510007,St. Mary's Medical Center,Huntington,WV,96,28.7,66.1,5.1,18.3,0.6,,,62.5,9.4,,53.5,N-HIV
510022,Charleston Area Medical Center,Charleston,WV,193,25.2,64,6.1,45.2,3.7,,6.8,68.2,9.3,10.6,63.7,N-HIV
510058,Camden-Clark Memorial Hospital,Parkersburg,WV,87,22.6,69.6,5.9,25.9,1.2,,,54.1,7.6,,51.7,N-HIV
520008,Waukesha Memorial Hospital,Waukesha,WI,120,28.4,71.7,6.1,17.3,0.6,,10.1,70.3,9.1,10,66,N-HIV
520027,Columbia St. Mary's Ozaukee Hosp,Mequon,WI,96,21.2,61.4,3.7,22.3,0.8,,,71.8,11.1,12.5,55.4,N-HIV
520030,Aspirus Wausau Hospital,Wausau,WI,104,36.3,65.9,6.1,23.4,1.3,,,48.5,6.9,10.2,50.8,N-HIV
520037,St. Joseph's Hosp-Marshfield,Marshfield,WI,101,37.8,67.7,5.9,24.9,0.8,,,51.2,8.7,,72.6,N-HIV
520051,Columbia St. Mary's-Milwaukee,Milwaukee,WI,81,21.2,55,4.7,26.1,1.9,,,70.4,9.2,16.3,59.3,N-HIV
520083,St. Mary's Hospital-Madison,Madison,WI,107,15.6,57.1,4.1,12.9,0.2,,,73,11.4,10,59,N-HIV
520096,Wheaton Franciscan-All Saints,Racine,WI,88,22.2,69.7,5.1,17.2,0.4,13,,65.4,7.6,13.8,59.9,N-HIV
520098,Univ of Wisconsin Hosp and Clinics,Madison,WI,178,23.6,52.5,3.7,11,0.2,,,66.4,12.5,7,51.4,N-HIV
520138,Aurora St. Luke's Medical Center,Milwaukee,WI,354,29.5,66.6,7,26.4,1.3,10.1,8.3,59.2,6.9,14,76.2,N-HIV
520139,Aurora West Allis Medical Center,West Allis,WI,80,32.1,72,5.9,45.3,2.9,,,56.7,8,,65.6,N-HIV
520177,Froedtert Memorial Lutheran Hosp,Milwaukee,WI,183,26.4,63.9,4.6,23.1,0.7,13.3,6.1,68.5,11.3,6.7,65.9,N-HIV
999999,United States,,,"193,054",25.9,66,5.1,30.2,1.6,9.7,6.2,60.6,8.7,11.2,61.1,N-HIV
10033,University of Alabama Hospital,Birmingham,AL,211,34.3,62.2,5.3,21.1,1,16.3,4.8,56.1,9.3,,54,HIV
30064,University Medical Center-Tucson,Tucson,AZ,131,18.3,64.4,5.1,42.1,2.4,11.1,8.2,70.6,9.3,16.9,62.7,HIV
30103,Mayo Clinic Hospital,Phoenix,AZ,206,13.1,63.2,4.4,27,0.9,7.6,4.6,80.8,11.5,9.4,84.7,HIV
40016,UAMS Medical Center,Little Rock,AR,145,27.5,70.7,6.3,39.4,2.4,13.6,,57.2,8,9.7,63.5,HIV
50025,UC San Diego Health System,San Diego,CA,117,27.8,62.3,4.3,41.7,2.2,11.1,,66.5,9.1,15.7,74.7,HIV
50146,City of Hope-Helford Hospital,Duarte,CA,118,24.2,57.1,5,14.8,0.7,11.7,8.6,64.4,9.9,11.2,67.8,HIV
50262,Ronald Reagan UCLA Med Ctr,Los Angeles,CA,109,40,65.6,6.8,58.4,5,21.7,,48.4,6.2,,75.3,HIV
50327,Loma Linda University Med Ctr,Loma Linda,CA,102,31.3,60.6,5.3,40.5,2.6,13.4,,57.7,7.8,10.8,65.1,HIV
50348,UC Irvine Healthcare,Orange,CA,95,29.9,58.9,5.8,47.5,3.3,15.7,,61.2,9.2,,72.9,HIV
50441,Stanford Hospital and Clinics,Stanford,CA,200,36.6,63.2,5.4,51.5,3.7,13.6,9.2,50.1,7.3,6.7,70.7,HIV
50454,UCSF Medical Center,San Francisco,CA,187,33,61.1,5.5,23.8,1.2,11.8,5.3,50.4,7.8,6.8,69.8,HIV
50599,UC Davis Medical Center,Sacramento,CA,126,40.8,74.7,6.8,46.9,3,15.2,,45.5,5.6,,65.1,HIV
50625,Cedars-Sinai Medical Center,Los Angeles,CA,358,41.3,67.7,6.9,54.4,3.9,16.2,7.2,43.3,5.2,6.3,79.3,HIV
60024,University of Colorado Hospital,Aurora,CO,106,17.3,67.3,4.9,31.4,1.1,11.5,,68,9.3,13,67.5,HIV
70001,Hospital of St. Raphael,New Haven,CT,200,32.3,68.2,5.9,28.3,1.5,13.6,,56.8,7.5,6.6,69.3,HIV
70002,St. Francis Hosp and Med Ctr,Hartford,CT,224,29.8,62.6,5.2,31.8,1.9,8.3,5.9,53.4,7,12.1,83.1,HIV
70010,Bridgeport Hospital,Bridgeport,CT,81,37,69.8,6.4,35.5,2.4,19.1,,53.1,6,,85.6,HIV
70022,Yale-New Haven Hospital,New Haven,CT,294,33.5,66.5,6.7,30.6,1.4,16.3,4.6,54.2,7.3,8.9,75.3,HIV
70025,Hartford Hospital,Hartford,CT,281,31.7,64.6,5.3,30.6,1.6,9.4,6.6,53.3,6.9,11.6,79.4,HIV
90004,Georgetown University Hospital,Washington,DC,145,42,65.8,7.3,26.9,1.5,13.2,8.3,53.8,7.9,10.4,79.1,HIV
90011,Washington Hospital Center,Washington,DC,173,38,64.3,5.5,28.6,1,14.6,8.8,54.6,9.3,,66.4,HIV
100034,Mount Sinai Medical Center,Miami Beach,FL,114,47.3,71,7.4,67.4,5.6,35.9,,49,5.2,14.6,83.7,HIV
100113,Shands at the Univ of Florida,Gainesville,FL,179,21.5,56.9,5.4,35.7,2,11.2,5.5,70.2,10.6,11.8,69.9,HIV
100151,Mayo Clinic Jacksonville,Jacksonville,FL,160,16.9,62.1,3.9,43.4,1.8,10.3,,79.9,11.1,11.6,73.9,HIV
100271,H. Lee Moffitt Cancer Center,Tampa,FL,204,22.1,57,4.7,23.8,1.1,8.3,8.9,72.7,10.2,7.9,78,HIV
110010,Emory University Hospital,Atlanta,GA,179,23.4,58.4,4.7,32.1,1.5,11.4,10.3,63.9,10.3,7.3,66.7,HIV
140010,NorthShore Evanston Hospital,Evanston,IL,383,23.4,64.9,5.1,55.2,3.3,8.1,10.4,66.3,9.5,13,77.9,HIV
140088,University of Chicago Med Ctr,Chicago,IL,227,25.6,67.1,5.4,44.1,2.6,15.1,5.7,64.4,8.9,11,71,HIV
140119,Rush University Medical Center,Chicago,IL,194,18.9,63.5,5.4,29.9,1,10.6,6.1,73.8,9.5,16.8,75.7,HIV
140208,Advocate Christ Medical Center,Oak Lawn,IL,276,26.7,74.6,6.3,48.8,3,12.5,9.3,59.2,6.4,16,67.5,HIV
140223,Advocate Lutheran General Hosp,Park Ridge,IL,273,22.6,68,5.5,34.1,1.6,8.3,5.6,67.7,8.2,17,75.8,HIV
140276,Loyola University Medical Center,Maywood,IL,201,28.4,61.9,5.2,40.8,3.1,17.8,,61.6,7.7,13.6,60.2,HIV
140281,Northwestern Memorial Hospital,Chicago,IL,290,38.2,65,6,34.4,1.6,12.7,8,51.6,8.6,5.6,74.6,HIV
150056,Indiana Univ Hlth University Hosp,Indianapolis,IN,262,19.9,63,5.4,48,2.9,9,5.6,65.8,8.6,16.3,68.1,HIV
160058,Univ of Iowa Hosps and Clinics,Iowa City,IA,185,20.3,55.6,4.1,29.8,0.9,7.6,,68.8,11.5,8.8,62.3,HIV
170040,The University of Kansas Hosp,Kansas City,KS,153,29.3,64.7,5.8,38.4,1.9,14.8,,63.8,8.7,9.7,64.8,HIV
180067,U of KY Albert B. Chandler Hosp,Lexington,KY,171,16.5,60.5,4.6,30.9,1.3,11.2,5.4,72.2,11.5,11.1,52.6,HIV
180141,University of Louisville Hosp,Louisville,KY,87,29.7,58.3,3.8,49.3,2.6,,10.6,50.7,7.7,,47.6,HIV
190036,Ochsner Med Ctr-New Orleans,New Orleans,LA,96,19.5,63.2,5.2,28.9,1.7,12.6,,70.3,10.9,16.2,56.1,HIV
200009,Maine Medical Center,Portland,ME,238,19.1,53.1,4.2,18.2,0.9,6.8,5,65.6,9.2,11.7,59.7,HIV
210002,University of Maryland Med Ctr,Baltimore,MD,120,23.3,59.5,5,38,2,11.5,,62.8,10.1,9.7,57.8,HIV
210009,Johns Hopkins Hospital,Baltimore,MD,253,26.5,55.1,4.8,18,0.8,10.5,,63.5,10.8,6.9,54.3,HIV
210029,Johns Hopkins Bayview Med Ctr,Baltimore,MD,82,24.9,73.3,6.5,29.8,1.3,13.5,13.4,55.4,6.6,16.2,55.1,HIV
220002,Mount Auburn Hospital,Cambridge,MA,95,32.9,62,4.9,31,0.8,,,57.8,8.1,,65.1,HIV
220031,Boston Medical Center,Boston,MA,112,30.9,72.4,5.6,31.7,1.2,,,55,8.8,,70.3,HIV
220046,Berkshire Medical Center,Pittsfield,MA,109,20.9,53.8,4.7,18.2,1.2,,,72,10.7,16.3,63.2,HIV
220071,Massachusetts General Hospital,Boston,MA,414,28.6,59.4,5.7,13.9,0.6,7.5,,60.5,7.9,11.7,70.7,HIV
220077,Baystate Medical Center,Springfield,MA,216,24,59.9,4.8,11.1,0.3,7.5,,55.7,7.4,13.4,77.2,HIV
220086,Beth Israel Deaconess - Boston,Boston,MA,242,33.8,63.3,5.4,29.1,1.2,10.7,6.4,60.8,8.4,12.5,77,HIV
220116,Tufts Medical Center,Boston,MA,81,27.9,69.1,5.9,30.3,1.4,17.5,,60.5,9.3,,62.6,HIV
220162,Dana-Farber Cancer Institute,Boston,MA,407,29.1,58.2,5.7,24.2,1.3,8.4,4.3,56.4,8.9,7.7,70.9,HIV
220163,UMass Memorial Medical Center,Worcester,MA,230,26.8,68.6,5.4,26.8,1.2,11.4,7,52.5,7.4,6.1,74.1,HIV
220171,Lahey Clinic Hospital,Burlington,MA,215,30.6,66,5.5,43.6,2.6,10.9,7,55.2,8.2,10.5,81.2,HIV
230024,Sinai-Grace Hospital,Detroit,MI,112,35.1,75.4,7.1,21.9,0.8,15.3,,58,6.3,19.2,80.4,HIV
230046,University of Michigan Hospitals,Ann Arbor,MI,283,21.2,57.4,5,16.8,0.6,10.2,10.2,70.1,10.3,10.1,73.5,HIV
230053,Henry Ford Hospital-Detroit,Detroit,MI,197,30.2,68.2,6.7,37.5,2.4,15.8,,58.7,7.4,14.8,70.5,HIV
230130,Beaumont Hospital-Royal Oak,Royal Oak,MI,458,22.4,68.8,7.3,42.7,2.6,13.4,6.4,68.5,7.9,19,82.8,HIV
230141,McLaren Regional Medical Center,Flint,MI,144,20.6,69.8,4.8,31.5,1,14.3,13.3,71.3,8,20.6,78.3,HIV
230156,St. Joseph Mercy Hosp-Ann Arbor,Ann Arbor,MI,203,20.2,65.8,4.5,37.5,2,10.3,,72.2,9.6,13,76,HIV
230297,Karmanos Cancer Center,Detroit,MI,105,22.9,54.4,3.8,17.1,0.4,,,67.5,10.5,12.9,62.7,HIV
240010,Mayo Clinic-St. Mary's Hospital,Rochester,MN,264,20.7,54.2,4.3,29.8,1,9.1,,58.1,9.4,10.7,66.5,HIV
240061,Mayo Clinic-Methodist Hospital,Rochester,MN,119,15.3,50,4,19.1,0.4,,,67.4,11.8,,70.4,HIV
240080,Univ of Minnesota Med Ctr-Fairview,Minneapolis,MN,82,23,52.2,4.2,26.2,0.9,,,60.3,9.3,,65.2,HIV
250001,Univ of Mississippi Medical Ctr,Jackson,MS,85,31.9,61.5,5.1,20.4,1,13.3,,48.7,6.9,,54.1,HIV
260032,Barnes-Jewish Hospital,St. Louis,MO,432,27.9,66.8,6,21,0.9,10.6,6.3,60.6,7.5,13.8,62.5,HIV
260141,Univ of Missouri Hosps and Clinics,Columbia,MO,91,18.8,54,4.4,23.2,0.9,12.4,,62.6,9.6,,56.5,HIV
280013,Nebraska Medical Center,Omaha,NE,143,26.1,67.8,5.8,52.3,3.6,13.9,,56.9,7.1,12.5,72.4,HIV
300003,Dartmouth-Hitchcock Med Ctr,Lebanon,NH,196,19.9,55.5,4.3,16.6,0.6,8.1,,47.3,6.5,6.4,67.6,HIV
310014,Cooper Health System,Camden,NJ,111,32.3,63.9,5.1,41.6,2.7,12.6,,61.5,8.5,12.3,77.4,HIV
310038,RWJ University Hosp-New Brunswick,New Brunswick,NJ,278,34,63.8,7,42.4,3.4,11.7,5.1,57.9,8.2,11,82.2,HIV
310075,Monmouth Medical Center,Long Branch,NJ,89,,65.1,5.1,45.8,2.7,,,78.9,10.5,21.3,85.9,HIV
310076,St. Barnabas Medical Center,Livingston,NJ,247,23.9,63.1,6.2,31.3,1.7,11.3,6.4,62.8,8.4,11.2,81.2,HIV
320001,University of New Mexico Hosps,Albuquerque,NM,80,27.6,56.3,4.5,39.5,2,,,65.1,11.1,,50.9,HIV
330013,Albany Medical Center,Albany,NY,99,34,62.8,5.1,20.2,0.7,,,46.4,5,,73.6,HIV
330024,Mount Sinai Hospital,New York,NY,278,46.9,67.3,7.5,17.5,0.8,14.8,8.7,27.1,4.1,,77.1,HIV
330046,St. Luke's-Roosevelt Hosp Center,New York,NY,98,36.1,65.3,6,14.7,0.5,15.4,,42.6,6.1,11.8,66.8,HIV
330059,Montefiore Medical Center,Bronx,NY,270,30.3,64.3,6.6,17,0.9,13.8,,25.7,3.9,,75.8,HIV
330101,New York-Presbyterian Hospital,New York,NY,515,41.4,63.6,6.9,11,0.6,12.2,8,31.9,4.7,5.6,70.1,HIV
330106,North Shore Univ Hosp-Manhasset,Manhasset,NY,460,38.4,65.8,6.4,26.3,1.1,12.1,9.1,48.2,6.4,6.6,85.2,HIV
330119,Lenox Hill Hospital,New York,NY,115,49.8,65.9,7.3,14.1,0.9,17.2,12.3,21.9,2.6,,70.1,HIV
330154,Mem Sloan-Kettering Cancer Ctr,New York,NY,741,27.3,58,5.5,11.5,0.5,8.1,3.7,50.1,8,5,80.1,HIV
330160,Staten Island University Hosp,Staten Island,NY,151,39.2,70.3,6.8,23.1,1.1,,,40.3,5.1,9.3,79.6,HIV
330167,Winthrop-University Hospital,Mineola,NY,212,23.1,66.8,7.2,17.8,1.1,8.7,,69.2,7.5,20,84,HIV
330169,Beth Israel Medical Center,New York,NY,225,44.9,70.9,7.1,20.7,0.9,19.3,,38.7,4.7,6.4,75.7,HIV
330194,Maimonides Medical Center,Brooklyn,NY,222,48.1,77.1,7.5,,,20.9,7.9,39.8,4.9,9.1,83.3,HIV
330195,Long Island Jewish Med Ctr,New Hyde Park,NY,165,27.3,67.7,5.9,16.4,0.7,11,,55.1,7.5,7.9,81.4,HIV
330214,NYU Langone Medical Center,New York,NY,205,27,64.2,6.1,32,1.8,10.6,8.1,54.2,7,11.4,75.3,HIV
330236,New York Methodist Hospital,Brooklyn,NY,119,47.3,71.1,8.3,14.7,0.5,11.8,,35.8,5.5,,75,HIV
330241,Upstate Medical University,Syracuse,NY,139,38.1,73.5,7.7,27.4,2,,,42.3,6,,70.8,HIV
330285,Strong Memorial/U of Rochester,Rochester,NY,116,27.6,62.2,6.7,19.6,1.2,,,63.1,8.1,15.3,70.8,HIV
330393,Stony Brook University Med Ctr,Stony Brook,NY,168,32.8,65.6,7.2,22.1,1.3,10.9,,52.9,7,11.9,70.4,HIV
340030,Duke University Hospital,Durham,NC,301,26.4,55.6,4.8,23.9,1.1,12,7.9,65.7,9.9,9.2,69.6,HIV
340040,Pitt County Memorial Hospital,Greenville,NC,248,35.9,63.2,6.4,33,1.6,11.8,7.9,51.2,8.3,6.4,54.5,HIV
340047,Wake Forest Baptist Med Ctr,Winston-Salem,NC,222,33.4,65.6,5.5,35.9,1.4,15.3,4.5,58.8,9.5,6.6,61.7,HIV
340061,Univ of North Carolina Hosps,Chapel Hill,NC,178,19.8,55.6,4.6,27.9,1.3,13.1,,70.4,11.9,8.7,57.3,HIV
360020,Summa Health System,Akron,OH,150,28.6,61.7,5.4,28.4,1.5,11.7,,66.6,10.9,11.5,66.4,HIV
360137,Univ Hosps Case Med Ctr,Cleveland,OH,237,16.5,53.3,4.6,29,1.3,8.6,4.9,75.9,11.6,13.3,62.2,HIV
360180,Cleveland Clinic Foundation,Cleveland,OH,292,31.2,57.5,6.2,26.5,1.4,11.2,,60.2,9.6,7.1,73.2,HIV
360242,James Cancer Hosp/Solove Res Inst,Columbus,OH,253,20.6,58.5,5.3,27.3,1.5,13.2,4,62.2,8.5,10.9,57.5,HIV
370093,OU Medical Center,Oklahoma City,OK,92,39.4,48.9,3.5,23.9,1,,,56.4,11,,45.4,HIV
380009,OHSU Hospital,Portland,OR,92,16,49.5,4.8,23.8,1.1,,,76,11.5,12.5,56.5,HIV
390006,Geisinger Medical Center,Danville,PA,121,25.2,64.4,4.5,28.5,0.9,,,58.7,10,9.6,68.2,HIV
390046,York Hospital,York,PA,197,26.5,64,5.7,26.8,1.5,11.4,,50,7.3,8,71.4,HIV
390050,Allegheny General Hospital,Pittsburgh,PA,83,16.6,69.1,6.6,51,3.1,14.3,,74.4,7.9,25.3,79.5,HIV
390111,Hosp of the Univ of Pennsylvania,Philadelphia,PA,194,26.5,64.1,6.7,35,1.9,15.3,5.4,68.2,8.4,18.9,77.5,HIV
390164,UPMC Presbyterian,Pittsburgh,PA,254,25.9,63.4,5.5,30.5,1.4,10.6,4.6,62.8,8.2,14.4,76.8,HIV
390174,Thomas Jefferson University Hosp,Philadelphia,PA,216,27,59.2,6.2,44.1,3.6,17.2,,63.1,9.2,13.5,85.9,HIV
390195,Lankenau Medical Center,Wynnewood,PA,118,24.3,71,6.2,44.7,3.3,11.1,,59.9,6.8,17.7,73.4,HIV
390196,Fox Chase Cancer Center,Philadelphia,PA,113,28.4,66.6,6,35.9,1.7,,,64.7,10.2,,77.9,HIV
390256,Penn St Milton S. Hershey Med Ctr,Hershey,PA,141,28.6,68.8,5.8,48.7,2.4,15.6,,58.5,8.9,,63.8,HIV
410007,Rhode Island Hospital,Providence,RI,157,32.3,68.1,5.6,29,1.6,13.7,,60.7,7.9,14.9,65.9,HIV
420004,MUSC Medical Center,Charleston,SC,140,24.6,56,4.4,49.1,2.6,11.4,,61.1,10.5,,60.1,HIV
440015,University of Tennessee Med Ctr,Knoxville,TN,139,29.4,67,5.4,21.4,0.6,10.1,,57.7,9.8,7.9,66.4,HIV
440039,Vanderbilt University Med Ctr,Nashville,TN,207,22.6,63.1,5.8,38.8,2.8,11.9,,62.3,8.7,12.2,71.1,HIV
450054,Scott & White Memorial Hospital,Temple,TX,156,22.2,66.8,4.4,15.5,0.4,11.7,,66.6,9.9,10.2,57.2,HIV
450068,Memorial Hermann - Texas Med Ctr,Houston,TX,84,37.5,59.8,3.9,49.1,2.2,17.5,,50.2,8,,68.4,HIV
450076,U of TX M.D. Anderson Cancer Ctr,Houston,TX,643,24.5,60.9,5.7,46.1,3.9,9.6,7.5,64.6,9.2,9,84,HIV
450686,University Med Ctr-Lubbock,Lubbock,TX,101,21.1,70,5.3,28.1,1,,,68.6,9.9,13.1,44.1,HIV
460009,University of Utah Health Care,Salt Lake City,UT,119,20.8,58.5,4.4,22.2,1.2,,,63.2,9.2,10.5,53.7,HIV
470003,Fletcher Allen Health Care,Burlington,VT,175,26.7,60.7,5,14.2,0.4,10.6,,47.7,6.6,6.1,61.6,HIV
490009,University of Virginia Med Ctr,Charlottesville,VA,170,32.5,65.5,5.6,34.7,1.8,15.6,6.3,48.1,7.2,8.2,60.6,HIV
490032,VCU Health System,Richmond,VA,109,32.4,68.9,6.2,33.4,2.1,8.6,,53.7,9,,72,HIV
500005,Virginia Mason Medical Center,Seattle,WA,113,26.8,51.9,4.3,30.8,1.2,10.2,,48.4,7.8,,72.9,HIV
500008,University of Washington Med Ctr,Seattle,WA,105,30.5,53.3,4.3,23.5,1,,,55.7,10.8,,61.5,HIV
510001,West Virginia University Hosps,Morgantown,WV,116,23,55.4,5.6,45.3,3.1,,,58.5,9.6,,56,HIV
520098,Univ of Wisconsin Hosp and Clinics,Madison,WI,178,23.6,52.5,3.7,11,0.2,,,66.4,12.5,7,51.4,HIV
520177,Froedtert Memorial Lutheran Hosp,Milwaukee,WI,183,26.4,63.9,4.6,23.1,0.7,13.3,6.1,68.5,11.3,6.7,65.9,HIV
999999,United States,,,"193,054",25.9,66,5.1,30.2,1.6,9.7,6.2,60.6,8.7,11.2,61.1,HIV